Date,Name,Year,Letterboxd URI,Rating,Rewatch,Tags,Watched Date
2019-11-12,42,2013,https://letterboxd.com/claycarson/film/42/,,,,2015-11-09
2019-11-12,300,2006,https://letterboxd.com/claycarson/film/300/,,,,2015-11-09
2019-11-12,(500) Days of Summer,2009,https://letterboxd.com/claycarson/film/500-days-of-summer/,,,,2015-11-09
2019-11-12,One Hundred and One Dalmatians,1961,https://letterboxd.com/claycarson/film/one-hundred-and-one-dalmatians/,,,,2015-11-09
2019-11-12,102 Dalmatians,2000,https://letterboxd.com/claycarson/film/102-dalmatians/,,,,2015-11-09
2019-11-12,12 Years a Slave,2013,https://letterboxd.com/claycarson/film/12-years-a-slave/,,,,2015-11-09
2019-11-12,127 Hours,2010,https://letterboxd.com/claycarson/film/127-hours/,,,,2015-11-09
2019-11-12,2001: A Space Odyssey,1968,https://letterboxd.com/claycarson/film/2001-a-space-odyssey/,,,,2015-11-09
2019-11-12,21 Jump Street,2012,https://letterboxd.com/claycarson/film/21-jump-street/,,,,2015-11-09
2019-11-12,22 Jump Street,2014,https://letterboxd.com/claycarson/film/22-jump-street/,,,,2015-11-09
2019-11-12,3 Ninjas,1992,https://letterboxd.com/claycarson/film/3-ninjas/,,,,2015-11-09
2019-11-12,8 Mile,2002,https://letterboxd.com/claycarson/film/8-mile/,,,,2015-11-09
2019-11-12,A Beautiful Mind,2001,https://letterboxd.com/claycarson/film/a-beautiful-mind/,,,,2015-11-09
2019-11-12,A Bug's Life,1998,https://letterboxd.com/claycarson/film/a-bugs-life/,,,,2015-11-09
2019-11-12,A Charlie Brown Christmas,1965,https://letterboxd.com/claycarson/film/a-charlie-brown-christmas/,,,,2015-11-09
2019-11-12,"It's the Great Pumpkin, Charlie Brown",1966,https://letterboxd.com/claycarson/film/its-the-great-pumpkin-charlie-brown/,,,,2015-11-09
2019-11-12,A Christmas Story,1983,https://letterboxd.com/claycarson/film/a-christmas-story-1983/,,,,2015-11-09
2019-11-12,A Clockwork Orange,1971,https://letterboxd.com/claycarson/film/a-clockwork-orange/,,,,2015-11-09
2019-11-12,A Goofy Movie,1995,https://letterboxd.com/claycarson/film/a-goofy-movie/,,,,2015-11-09
2019-11-12,A League of Their Own,1992,https://letterboxd.com/claycarson/film/a-league-of-their-own/,,,,2015-11-09
2019-11-12,A Night at the Roxbury,1998,https://letterboxd.com/claycarson/film/a-night-at-the-roxbury/,,,,2015-11-09
2019-11-12,Accepted,2006,https://letterboxd.com/claycarson/film/accepted/,,,,2015-11-09
2019-11-12,Ace Ventura: Pet Detective,1994,https://letterboxd.com/claycarson/film/ace-ventura-pet-detective/,,,,2015-11-09
2019-11-12,Ace Ventura: When Nature Calls,1995,https://letterboxd.com/claycarson/film/ace-ventura-when-nature-calls/,,,,2015-11-09
2019-11-12,Act of Valor,2012,https://letterboxd.com/claycarson/film/act-of-valor/,,,,2015-11-09
2019-11-12,Adventureland,2009,https://letterboxd.com/claycarson/film/adventureland/,,,,2015-11-09
2019-11-12,Air Force One,1997,https://letterboxd.com/claycarson/film/air-force-one/,,,,2015-11-09
2019-11-12,Airheads,1994,https://letterboxd.com/claycarson/film/airheads/,,,,2015-11-09
2019-11-12,Airplane!,1980,https://letterboxd.com/claycarson/film/airplane/,,,,2015-11-09
2019-11-12,Airplane II: The Sequel,1982,https://letterboxd.com/claycarson/film/airplane-ii-the-sequel/,,,,2015-11-09
2019-11-12,Aladdin,1992,https://letterboxd.com/claycarson/film/aladdin/,,,,2015-11-09
2019-11-12,Alice in Wonderland,1951,https://letterboxd.com/claycarson/film/alice-in-wonderland-1951/,,,,2015-11-09
2019-11-12,Alley Cats Strike,2000,https://letterboxd.com/claycarson/film/alley-cats-strike/,,,,2015-11-09
2019-11-12,Almost Famous,2000,https://letterboxd.com/claycarson/film/almost-famous/,,,,2015-11-09
2019-11-12,American Gangster,2007,https://letterboxd.com/claycarson/film/american-gangster/,,,,2015-11-09
2019-11-12,American History X,1998,https://letterboxd.com/claycarson/film/american-history-x/,,,,2015-11-09
2019-11-12,American Hustle,2013,https://letterboxd.com/claycarson/film/american-hustle/,,,,2015-11-09
2019-11-12,American Pie,1999,https://letterboxd.com/claycarson/film/american-pie/,,,,2015-11-09
2019-11-12,American Pie 2,2001,https://letterboxd.com/claycarson/film/american-pie-2/,,,,2015-11-09
2019-11-12,American Wedding,2003,https://letterboxd.com/claycarson/film/american-wedding/,,,,2015-11-09
2019-11-12,American Psycho,2000,https://letterboxd.com/claycarson/film/american-psycho/,,,,2015-11-09
2019-11-12,American Sniper,2014,https://letterboxd.com/claycarson/film/american-sniper/,,,,2015-11-09
2019-11-12,An Inconvenient Truth,2006,https://letterboxd.com/claycarson/film/an-inconvenient-truth/,,,,2015-11-09
2019-11-12,Anchorman: The Legend of Ron Burgundy,2004,https://letterboxd.com/claycarson/film/anchorman-the-legend-of-ron-burgundy/,,,,2015-11-09
2019-11-12,Angels in the Outfield,1994,https://letterboxd.com/claycarson/film/angels-in-the-outfield-1994/,,,,2015-11-09
2019-11-12,Animal House,1978,https://letterboxd.com/claycarson/film/animal-house/,,,,2015-11-09
2019-11-12,Annie Hall,1977,https://letterboxd.com/claycarson/film/annie-hall/,,,,2015-11-09
2019-11-12,Antichrist,2009,https://letterboxd.com/claycarson/film/antichrist/,,,,2015-11-09
2019-11-12,Antz,1998,https://letterboxd.com/claycarson/film/antz/,,,,2015-11-09
2019-11-12,Apocalypse Now,1979,https://letterboxd.com/claycarson/film/apocalypse-now/,,,,2015-11-09
2019-11-12,Apollo 13,1995,https://letterboxd.com/claycarson/film/apollo-13/,,,,2015-11-09
2019-11-12,Argo,2012,https://letterboxd.com/claycarson/film/argo/,,,,2015-11-09
2019-11-12,Atonement,2007,https://letterboxd.com/claycarson/film/atonement/,,,,2015-11-09
2019-11-12,Austin Powers: International Man of Mystery,1997,https://letterboxd.com/claycarson/film/austin-powers-international-man-of-mystery/,,,,2015-11-09
2019-11-12,Austin Powers: The Spy Who Shagged Me,1999,https://letterboxd.com/claycarson/film/austin-powers-the-spy-who-shagged-me/,,,,2015-11-09
2019-11-12,Austin Powers in Goldmember,2002,https://letterboxd.com/claycarson/film/austin-powers-in-goldmember/,,,,2015-11-09
2019-11-12,Avatar,2009,https://letterboxd.com/claycarson/film/avatar/,,,,2015-11-09
2019-11-12,Avengers: Age of Ultron,2015,https://letterboxd.com/claycarson/film/avengers-age-of-ultron/,,,,2015-11-09
2019-11-12,Babe,1995,https://letterboxd.com/claycarson/film/babe/,,,,2015-11-09
2019-11-12,Babel,2006,https://letterboxd.com/claycarson/film/babel-2006/,,,,2015-11-09
2019-11-12,Baby Mama,2008,https://letterboxd.com/claycarson/film/baby-mama/,,,,2015-11-09
2019-11-12,Back to the Future,1985,https://letterboxd.com/claycarson/film/back-to-the-future/,,,,2015-11-09
2019-11-12,Bambi,1942,https://letterboxd.com/claycarson/film/bambi/,,,,2015-11-09
2019-11-12,BASEketball,1998,https://letterboxd.com/claycarson/film/baseketball/,,,,2015-11-09
2019-11-12,Batman & Robin,1997,https://letterboxd.com/claycarson/film/batman-robin/,,,,2015-11-09
2019-11-12,Batman,1966,https://letterboxd.com/claycarson/film/batman-1966/,,,,2015-11-09
2019-11-12,Batman Begins,2005,https://letterboxd.com/claycarson/film/batman-begins/,,,,2015-11-09
2019-11-12,Batman Forever,1995,https://letterboxd.com/claycarson/film/batman-forever/,,,,2015-11-09
2019-11-12,Batman Returns,1992,https://letterboxd.com/claycarson/film/batman-returns/,,,,2015-11-09
2019-11-12,Beasts of the Southern Wild,2012,https://letterboxd.com/claycarson/film/beasts-of-the-southern-wild/,,,,2015-11-09
2019-11-12,Beauty and the Beast,1991,https://letterboxd.com/claycarson/film/beauty-and-the-beast-1991/,,,,2015-11-09
2019-11-12,Being John Malkovich,1999,https://letterboxd.com/claycarson/film/being-john-malkovich/,,,,2015-11-09
2019-11-12,Bernie,2011,https://letterboxd.com/claycarson/film/bernie-2011/,,,,2015-11-09
2019-11-12,Big Daddy,1999,https://letterboxd.com/claycarson/film/big-daddy/,,,,2015-11-09
2019-11-12,Big Eyes,2014,https://letterboxd.com/claycarson/film/big-eyes/,,,,2015-11-09
2019-11-12,Big Momma's House,2000,https://letterboxd.com/claycarson/film/big-mommas-house/,,,,2015-11-09
2019-11-12,Billy Madison,1995,https://letterboxd.com/claycarson/film/billy-madison/,,,,2015-11-09
2019-11-12,Birdman,2014,https://letterboxd.com/claycarson/film/birdman/,,,,2015-11-09
2019-11-12,Black Hawk Down,2001,https://letterboxd.com/claycarson/film/black-hawk-down/,,,,2015-11-09
2019-11-12,Black Swan,2010,https://letterboxd.com/claycarson/film/black-swan/,,,,2015-11-09
2019-11-12,Blade: Trinity,2004,https://letterboxd.com/claycarson/film/blade-trinity/,,,,2015-11-09
2019-11-12,Blank Check,1994,https://letterboxd.com/claycarson/film/blank-check/,,,,2015-11-09
2019-11-12,Blood Diamond,2006,https://letterboxd.com/claycarson/film/blood-diamond/,,,,2015-11-09
2019-11-12,Blue Jasmine,2013,https://letterboxd.com/claycarson/film/blue-jasmine/,,,,2015-11-09
2019-11-12,Blue Valentine,2010,https://letterboxd.com/claycarson/film/blue-valentine/,,,,2015-11-09
2019-11-12,Boogie Nights,1997,https://letterboxd.com/claycarson/film/boogie-nights/,,,,2015-11-09
2019-11-12,Borat: Cultural Learnings of America for Make Benefit Glorious Nation of Kazakhstan,2006,https://letterboxd.com/claycarson/film/borat-cultural-learnings-of-america-for-make-benefit-glorious-nation-of-kazakhstan/,,,,2015-11-09
2019-11-12,Bottle Rocket,1996,https://letterboxd.com/claycarson/film/bottle-rocket-1996/,,,,2015-11-09
2019-11-12,Boyhood,2014,https://letterboxd.com/claycarson/film/boyhood/,,,,2015-11-09
2019-11-12,Braveheart,1995,https://letterboxd.com/claycarson/film/braveheart/,,,,2015-11-09
2019-11-12,Breach,2007,https://letterboxd.com/claycarson/film/breach/,,,,2015-11-09
2019-11-12,Bridesmaids,2011,https://letterboxd.com/claycarson/film/bridesmaids/,,,,2015-11-09
2019-11-12,Bring It On,2000,https://letterboxd.com/claycarson/film/bring-it-on/,,,,2015-11-09
2019-11-12,Brink!,1998,https://letterboxd.com/claycarson/film/brink/,,,,2015-11-09
2019-11-12,Bull Durham,1988,https://letterboxd.com/claycarson/film/bull-durham/,,,,2015-11-09
2019-11-12,Burn After Reading,2008,https://letterboxd.com/claycarson/film/burn-after-reading/,,,,2015-11-09
2019-11-12,Cabin Fever,2002,https://letterboxd.com/claycarson/film/cabin-fever/,,,,2015-11-09
2019-11-12,Caddyshack,1980,https://letterboxd.com/claycarson/film/caddyshack/,5,,,2015-11-09
2019-11-12,Camp Nowhere,1994,https://letterboxd.com/claycarson/film/camp-nowhere/,,,,2015-11-09
2019-11-12,Can't Hardly Wait,1998,https://letterboxd.com/claycarson/film/cant-hardly-wait/,,,,2015-11-09
2019-11-12,Capote,2005,https://letterboxd.com/claycarson/film/capote/,,,,2015-11-09
2019-11-12,Captain America: The First Avenger,2011,https://letterboxd.com/claycarson/film/captain-america-the-first-avenger/,,,,2015-11-09
2019-11-12,Captain America: The Winter Soldier,2014,https://letterboxd.com/claycarson/film/captain-america-the-winter-soldier/,,,,2015-11-09
2019-11-12,Captain Phillips,2013,https://letterboxd.com/claycarson/film/captain-phillips/,,,,2015-11-09
2019-11-12,Cars,2006,https://letterboxd.com/claycarson/film/cars/,,,,2015-11-09
2019-11-12,Casino,1995,https://letterboxd.com/claycarson/film/casino/,,,,2015-11-09
2019-11-12,Cast Away,2000,https://letterboxd.com/claycarson/film/cast-away/,,,,2015-11-09
2019-11-12,Catch Me If You Can,2002,https://letterboxd.com/claycarson/film/catch-me-if-you-can-2002/,,,,2015-11-09
2019-11-12,Catfish,2010,https://letterboxd.com/claycarson/film/catfish/,,,,2015-11-09
2019-11-12,Charlie and the Chocolate Factory,2005,https://letterboxd.com/claycarson/film/charlie-and-the-chocolate-factory/,,,,2015-11-09
2019-11-12,Charlie Wilson's War,2007,https://letterboxd.com/claycarson/film/charlie-wilsons-war/,,,,2015-11-09
2019-11-12,Charlie's Angels,2000,https://letterboxd.com/claycarson/film/charlies-angels/,,,,2015-11-09
2019-11-12,Charlotte's Web,2006,https://letterboxd.com/claycarson/film/charlottes-web-2006/,,,,2015-11-09
2019-11-12,Chicken Run,2000,https://letterboxd.com/claycarson/film/chicken-run/,,,,2015-11-09
2019-11-12,Children of Men,2006,https://letterboxd.com/claycarson/film/children-of-men/,,,,2015-11-09
2019-11-12,National Lampoon's Christmas Vacation,1989,https://letterboxd.com/claycarson/film/national-lampoons-christmas-vacation/,,,,2015-11-09
2019-11-12,Cinderella,1950,https://letterboxd.com/claycarson/film/cinderella/,,,,2015-11-09
2019-11-12,Cinderella Man,2005,https://letterboxd.com/claycarson/film/cinderella-man/,,,,2015-11-09
2019-11-12,Citizenfour,2014,https://letterboxd.com/claycarson/film/citizenfour/,,,,2015-11-09
2019-11-12,Clerks,1994,https://letterboxd.com/claycarson/film/clerks/,,,,2015-11-09
2019-11-12,Cloverfield,2008,https://letterboxd.com/claycarson/film/cloverfield/,,,,2015-11-09
2019-11-12,Clue,1985,https://letterboxd.com/claycarson/film/clue/,,,,2015-11-09
2019-11-12,Crash,2004,https://letterboxd.com/claycarson/film/crash-2004/,,,,2015-11-09
2019-11-12,Crazy Heart,2009,https://letterboxd.com/claycarson/film/crazy-heart/,,,,2015-11-09
2019-11-12,Cruel Intentions,1999,https://letterboxd.com/claycarson/film/cruel-intentions/,,,,2015-11-09
2019-11-12,The Mighty Ducks,1992,https://letterboxd.com/claycarson/film/the-mighty-ducks/,,,,2015-11-09
2019-11-12,D2: The Mighty Ducks,1994,https://letterboxd.com/claycarson/film/d2-the-mighty-ducks/,,,,2015-11-09
2019-11-12,D3: The Mighty Ducks,1996,https://letterboxd.com/claycarson/film/d3-the-mighty-ducks/,,,,2015-11-09
2019-11-12,Dallas Buyers Club,2013,https://letterboxd.com/claycarson/film/dallas-buyers-club/,,,,2015-11-09
2019-11-12,Dazed and Confused,1993,https://letterboxd.com/claycarson/film/dazed-and-confused/,,,,2015-11-09
2019-11-12,Defiance,2008,https://letterboxd.com/claycarson/film/defiance/,,,,2015-11-09
2019-11-12,Dennis the Menace,1993,https://letterboxd.com/claycarson/film/dennis-the-menace/,,,,2015-11-09
2019-11-12,District 9,2009,https://letterboxd.com/claycarson/film/district-9/,,,,2015-11-09
2019-11-12,Divergent,2014,https://letterboxd.com/claycarson/film/divergent/,,,,2015-11-09
2019-11-12,Django Unchained,2012,https://letterboxd.com/claycarson/film/django-unchained/,,,,2015-11-09
2019-11-12,Doctor Dolittle,1998,https://letterboxd.com/claycarson/film/doctor-dolittle-1998/,,,,2015-11-09
2019-11-12,Dr. Dolittle 2,2001,https://letterboxd.com/claycarson/film/dr-dolittle-2/,,,,2015-11-09
2019-11-12,DodgeBall: A True Underdog Story,2004,https://letterboxd.com/claycarson/film/dodgeball-a-true-underdog-story/,,,,2015-11-09
2019-11-12,Dog Day Afternoon,1975,https://letterboxd.com/claycarson/film/dog-day-afternoon/,,,,2015-11-09
2019-11-12,Donnie Darko,2001,https://letterboxd.com/claycarson/film/donnie-darko/,,,,2015-11-09
2019-11-12,Double Teamed,2002,https://letterboxd.com/claycarson/film/double-teamed/,,,,2015-11-09
2019-11-12,Drive,2011,https://letterboxd.com/claycarson/film/drive-2011/,,,,2015-11-09
2019-11-12,Drumline,2002,https://letterboxd.com/claycarson/film/drumline/,,,,2015-11-09
2019-11-12,"Dude, Where's My Car?",2000,https://letterboxd.com/claycarson/film/dude-wheres-my-car/,,,,2015-11-09
2019-11-12,Due Date,2010,https://letterboxd.com/claycarson/film/due-date/,,,,2015-11-09
2019-11-12,Dumb and Dumber,1994,https://letterboxd.com/claycarson/film/dumb-and-dumber/,,,,2015-11-09
2019-11-12,Dumb and Dumber To,2014,https://letterboxd.com/claycarson/film/dumb-and-dumber-to/,,,,2015-11-09
2019-11-12,Dumb and Dumberer: When Harry Met Lloyd,2003,https://letterboxd.com/claycarson/film/dumb-and-dumberer-when-harry-met-lloyd/,,,,2015-11-09
2019-11-12,Dumbo,1941,https://letterboxd.com/claycarson/film/dumbo/,,,,2015-11-09
2019-11-12,E.T. the Extra-Terrestrial,1982,https://letterboxd.com/claycarson/film/et-the-extra-terrestrial/,,,,2015-11-09
2019-11-12,Easy A,2010,https://letterboxd.com/claycarson/film/easy-a/,,,,2015-11-09
2019-11-12,Edge of Tomorrow,2014,https://letterboxd.com/claycarson/film/edge-of-tomorrow/,,,,2015-11-09
2019-11-12,Edward Scissorhands,1990,https://letterboxd.com/claycarson/film/edward-scissorhands/,,,,2015-11-09
2019-11-12,Eight Men Out,1988,https://letterboxd.com/claycarson/film/eight-men-out/,,,,2015-11-09
2019-11-12,Elf,2003,https://letterboxd.com/claycarson/film/elf/,,,,2015-11-09
2019-11-12,Empire Records,1995,https://letterboxd.com/claycarson/film/empire-records/,,,,2015-11-09
2019-11-12,End of Watch,2012,https://letterboxd.com/claycarson/film/end-of-watch/,,,,2015-11-09
2019-11-12,Enemy at the Gates,2001,https://letterboxd.com/claycarson/film/enemy-at-the-gates/,,,,2015-11-09
2019-11-12,EuroTrip,2004,https://letterboxd.com/claycarson/film/eurotrip/,,,,2015-11-09
2019-11-12,Exit Through the Gift Shop,2010,https://letterboxd.com/claycarson/film/exit-through-the-gift-shop/,,,,2015-11-09
2019-11-12,Failure to Launch,2006,https://letterboxd.com/claycarson/film/failure-to-launch/,,,,2015-11-09
2019-11-12,Fantasia,1940,https://letterboxd.com/claycarson/film/fantasia/,,,,2015-11-09
2019-11-12,Fargo,1996,https://letterboxd.com/claycarson/film/fargo/,,,,2015-11-09
2019-11-12,Fast Times at Ridgemont High,1982,https://letterboxd.com/claycarson/film/fast-times-at-ridgemont-high/,,,,2015-11-09
2019-11-12,Fear and Loathing in Las Vegas,1998,https://letterboxd.com/claycarson/film/fear-and-loathing-in-las-vegas/,,,,2015-11-09
2019-11-12,Ferris Bueller's Day Off,1986,https://letterboxd.com/claycarson/film/ferris-buellers-day-off/,,,,2015-11-09
2019-11-12,Fever Pitch,2005,https://letterboxd.com/claycarson/film/fever-pitch-2005/,,,,2015-11-09
2019-11-12,Field of Dreams,1989,https://letterboxd.com/claycarson/film/field-of-dreams/,5,,,2015-11-09
2019-11-12,Fight Club,1999,https://letterboxd.com/claycarson/film/fight-club/,,,,2015-11-09
2019-11-12,Finding Nemo,2003,https://letterboxd.com/claycarson/film/finding-nemo/,,,,2015-11-09
2019-11-12,Finding Neverland,2004,https://letterboxd.com/claycarson/film/finding-neverland/,,,,2015-11-09
2019-11-12,First Kid,1996,https://letterboxd.com/claycarson/film/first-kid/,,,,2015-11-09
2019-11-12,Flight,2012,https://letterboxd.com/claycarson/film/flight/,,,,2015-11-09
2019-11-12,Fly Away Home,1996,https://letterboxd.com/claycarson/film/fly-away-home/,,,,2015-11-09
2019-11-12,"Food, Inc.",2008,https://letterboxd.com/claycarson/film/food-inc/,,,,2015-11-09
2019-11-12,Forgetting Sarah Marshall,2008,https://letterboxd.com/claycarson/film/forgetting-sarah-marshall/,,,,2015-11-09
2019-11-12,Forrest Gump,1994,https://letterboxd.com/claycarson/film/forrest-gump/,,,,2015-11-09
2019-11-12,Foxcatcher,2014,https://letterboxd.com/claycarson/film/foxcatcher/,,,,2015-11-09
2019-11-12,Freddy Got Fingered,2001,https://letterboxd.com/claycarson/film/freddy-got-fingered/,,,,2015-11-09
2019-11-12,Friends with Benefits,2011,https://letterboxd.com/claycarson/film/friends-with-benefits/,,,,2015-11-09
2019-11-12,Frost/Nixon,2008,https://letterboxd.com/claycarson/film/frost-nixon/,,,,2015-11-09
2019-11-12,Full Metal Jacket,1987,https://letterboxd.com/claycarson/film/full-metal-jacket/,,,,2015-11-09
2019-11-12,Fury,2014,https://letterboxd.com/claycarson/film/fury-2014/,,,,2015-11-09
2019-11-12,Galaxy Quest,1999,https://letterboxd.com/claycarson/film/galaxy-quest/,,,,2015-11-09
2019-11-12,Gattaca,1997,https://letterboxd.com/claycarson/film/gattaca/,,,,2015-11-09
2019-11-12,Genius,1999,https://letterboxd.com/claycarson/film/genius/,,,,2015-11-09
2019-11-12,Ghostbusters,1984,https://letterboxd.com/claycarson/film/ghostbusters/,,,,2015-11-09
2019-11-12,Gladiator,2000,https://letterboxd.com/claycarson/film/gladiator-2000/,,,,2015-11-09
2019-11-12,Going Clear: Scientology and the Prison of Belief,2015,https://letterboxd.com/claycarson/film/going-clear-scientology-and-the-prison-of-belief/,,,,2015-11-09
2019-11-12,Gone Baby Gone,2007,https://letterboxd.com/claycarson/film/gone-baby-gone/,,,,2015-11-09
2019-11-12,Gone Girl,2014,https://letterboxd.com/claycarson/film/gone-girl/,,,,2015-11-09
2019-11-12,Good Will Hunting,1997,https://letterboxd.com/claycarson/film/good-will-hunting/,,,,2015-11-09
2019-11-12,GoodFellas,1990,https://letterboxd.com/claycarson/film/goodfellas/,,,,2015-11-09
2019-11-12,Gran Torino,2008,https://letterboxd.com/claycarson/film/gran-torino/,,,,2015-11-09
2019-11-12,Gravity,2013,https://letterboxd.com/claycarson/film/gravity-2013/,,,,2015-11-09
2019-11-12,Green Street Hooligans,2005,https://letterboxd.com/claycarson/film/green-street-hooligans/,,,,2015-11-09
2019-11-12,Groundhog Day,1993,https://letterboxd.com/claycarson/film/groundhog-day/,,,,2015-11-09
2019-11-12,Guardians of the Galaxy,2014,https://letterboxd.com/claycarson/film/guardians-of-the-galaxy/,,,,2015-11-09
2019-11-12,Hackers,1995,https://letterboxd.com/claycarson/film/hackers/,,,,2015-11-09
2019-11-12,Halloweentown,1998,https://letterboxd.com/claycarson/film/halloweentown/,,,,2015-11-09
2019-11-12,Happy Gilmore,1996,https://letterboxd.com/claycarson/film/happy-gilmore/,,,,2015-11-09
2019-11-12,Harold & Kumar Go to White Castle,2004,https://letterboxd.com/claycarson/film/harold-kumar-go-to-white-castle/,,,,2015-11-09
2019-11-12,Haywire,2011,https://letterboxd.com/claycarson/film/haywire/,,,,2015-11-09
2019-11-12,Heathers,1988,https://letterboxd.com/claycarson/film/heathers/,,,,2015-11-09
2019-11-12,Heavyweights,1995,https://letterboxd.com/claycarson/film/heavyweights/,,,,2015-11-09
2019-11-12,Helvetica,2007,https://letterboxd.com/claycarson/film/helvetica/,,,,2015-11-09
2019-11-12,Her,2013,https://letterboxd.com/claycarson/film/her/,,,,2015-11-09
2019-11-12,Hercules,1997,https://letterboxd.com/claycarson/film/hercules-1997/,,,,2015-11-09
2019-11-12,Hitch,2005,https://letterboxd.com/claycarson/film/hitch-2005/,,,,2015-11-09
2019-11-12,Home Alone,1990,https://letterboxd.com/claycarson/film/home-alone/,,,,2015-11-09
2019-11-12,Home Alone 2: Lost in New York,1992,https://letterboxd.com/claycarson/film/home-alone-2-lost-in-new-york/,,,,2015-11-09
2019-11-12,Home Alone 3,1997,https://letterboxd.com/claycarson/film/home-alone-3/,,,,2015-11-09
2019-11-12,Hook,1991,https://letterboxd.com/claycarson/film/hook/,,,,2015-11-09
2019-11-12,Horrible Bosses,2011,https://letterboxd.com/claycarson/film/horrible-bosses/,,,,2015-11-09
2019-11-12,Horrible Bosses 2,2014,https://letterboxd.com/claycarson/film/horrible-bosses-2/,,,,2015-11-09
2019-11-12,Horse Sense,1999,https://letterboxd.com/claycarson/film/horse-sense/,,,,2015-11-09
2019-11-12,Hot Fuzz,2007,https://letterboxd.com/claycarson/film/hot-fuzz/,,,,2015-11-09
2019-11-12,Hot Shots! Part Deux,1993,https://letterboxd.com/claycarson/film/hot-shots-part-deux/,,,,2015-11-09
2019-11-12,Hot Tub Time Machine,2010,https://letterboxd.com/claycarson/film/hot-tub-time-machine/,,,,2015-11-09
2019-11-12,Hotel Rwanda,2004,https://letterboxd.com/claycarson/film/hotel-rwanda/,,,,2015-11-09
2019-11-12,How the Grinch Stole Christmas!,1966,https://letterboxd.com/claycarson/film/how-the-grinch-stole-christmas/,,,,2015-11-09
2019-11-12,I Am Legend,2007,https://letterboxd.com/claycarson/film/i-am-legend/,,,,2015-11-09
2019-11-12,I ♥ Huckabees,2004,https://letterboxd.com/claycarson/film/i-huckabees/,,,,2015-11-09
2019-11-12,"I Love You, Man",2009,https://letterboxd.com/claycarson/film/i-love-you-man/,,,,2015-11-09
2019-11-12,"I, Robot",2004,https://letterboxd.com/claycarson/film/i-robot/,,,,2015-11-09
2019-11-12,Identity Thief,2013,https://letterboxd.com/claycarson/film/identity-thief/,,,,2015-11-09
2019-11-12,Idiocracy,2006,https://letterboxd.com/claycarson/film/idiocracy/,,,,2015-11-09
2019-11-12,In Bruges,2008,https://letterboxd.com/claycarson/film/in-bruges/,,,,2015-11-09
2019-11-12,Inception,2010,https://letterboxd.com/claycarson/film/inception/,,,,2015-11-09
2019-11-12,Independence Day,1996,https://letterboxd.com/claycarson/film/independence-day/,,,,2015-11-09
2019-11-12,Indiana Jones and the Last Crusade,1989,https://letterboxd.com/claycarson/film/indiana-jones-and-the-last-crusade/,,,,2015-11-09
2019-11-12,Indiana Jones and the Temple of Doom,1984,https://letterboxd.com/claycarson/film/indiana-jones-and-the-temple-of-doom/,,,,2015-11-09
2019-11-12,Inglourious Basterds,2009,https://letterboxd.com/claycarson/film/inglourious-basterds/,,,,2015-11-09
2019-11-12,Inspector Gadget,1999,https://letterboxd.com/claycarson/film/inspector-gadget/,,,,2015-11-09
2019-11-12,Into the Wild,2007,https://letterboxd.com/claycarson/film/into-the-wild/,,,,2015-11-09
2019-11-12,Iron Man,2008,https://letterboxd.com/claycarson/film/iron-man-2008/,,,,2015-11-09
2019-11-12,Iron Man 2,2010,https://letterboxd.com/claycarson/film/iron-man-2/,,,,2015-11-09
2019-11-12,Iron Man 3,2013,https://letterboxd.com/claycarson/film/iron-man-3/,,,,2015-11-09
2019-11-12,It's a Wonderful Life,1946,https://letterboxd.com/claycarson/film/its-a-wonderful-life/,,,,2015-11-09
2019-11-12,Jack Frost,1998,https://letterboxd.com/claycarson/film/jack-frost/,,,,2015-11-09
2019-11-12,Jack Ryan: Shadow Recruit,2014,https://letterboxd.com/claycarson/film/jack-ryan-shadow-recruit/,,,,2015-11-09
2019-11-12,James and the Giant Peach,1996,https://letterboxd.com/claycarson/film/james-and-the-giant-peach/,,,,2015-11-09
2019-11-12,Jarhead,2005,https://letterboxd.com/claycarson/film/jarhead/,,,,2015-11-09
2019-11-12,Jaws,1975,https://letterboxd.com/claycarson/film/jaws/,,,,2015-11-09
2019-11-12,Jay and Silent Bob Strike Back,2001,https://letterboxd.com/claycarson/film/jay-and-silent-bob-strike-back/,,,,2015-11-09
2019-11-12,Jerry Maguire,1996,https://letterboxd.com/claycarson/film/jerry-maguire/,,,,2015-11-09
2019-11-12,Jett Jackson: The Movie,2001,https://letterboxd.com/claycarson/film/jett-jackson-the-movie/,,,,2015-11-09
2019-11-12,Jingle All the Way,1996,https://letterboxd.com/claycarson/film/jingle-all-the-way/,,,,2015-11-09
2019-11-12,Jobs,2013,https://letterboxd.com/claycarson/film/jobs/,,,,2015-11-09
2019-11-12,Joe Dirt,2001,https://letterboxd.com/claycarson/film/joe-dirt/,,,,2015-11-09
2019-11-12,John Wick,2014,https://letterboxd.com/claycarson/film/john-wick/,,,,2015-11-09
2019-11-12,Johnny Tsunami,1999,https://letterboxd.com/claycarson/film/johnny-tsunami/,,,,2015-11-09
2019-11-12,Josie and the Pussycats,2001,https://letterboxd.com/claycarson/film/josie-and-the-pussycats/,,,,2015-11-09
2019-11-12,Jungle 2 Jungle,1997,https://letterboxd.com/claycarson/film/jungle-2-jungle/,,,,2015-11-09
2019-11-12,Juno,2007,https://letterboxd.com/claycarson/film/juno/,,,,2015-11-09
2019-11-12,Kick-Ass,2010,https://letterboxd.com/claycarson/film/kick-ass/,,,,2015-11-09
2019-11-12,Kill Me Three Times,2014,https://letterboxd.com/claycarson/film/kill-me-three-times/,,,,2015-11-09
2019-11-12,Kingpin,1996,https://letterboxd.com/claycarson/film/kingpin/,,,,2015-11-09
2019-11-12,Kingsman: The Secret Service,2014,https://letterboxd.com/claycarson/film/kingsman-the-secret-service/,,,,2015-11-09
2019-11-12,Knocked Up,2007,https://letterboxd.com/claycarson/film/knocked-up/,,,,2015-11-09
2019-11-12,Knuckleball!,2012,https://letterboxd.com/claycarson/film/knuckleball/,,,,2015-11-09
2019-11-12,Korengal,2014,https://letterboxd.com/claycarson/film/korengal/,,,,2015-11-09
2019-11-12,Lady and the Tramp,1955,https://letterboxd.com/claycarson/film/lady-and-the-tramp/,,,,2015-11-09
2019-11-12,Layer Cake,2004,https://letterboxd.com/claycarson/film/layer-cake/,,,,2015-11-09
2019-11-12,Leave it to Beaver,1997,https://letterboxd.com/claycarson/film/leave-it-to-beaver/,,,,2015-11-09
2019-11-12,Les Misérables,2012,https://letterboxd.com/claycarson/film/les-miserables-2012/,,,,2015-11-09
2019-11-12,Let Me In,2010,https://letterboxd.com/claycarson/film/let-me-in/,,,,2015-11-09
2019-11-12,Let the Right One In,2008,https://letterboxd.com/claycarson/film/let-the-right-one-in/,,,,2015-11-09
2019-11-12,Liar Liar,1997,https://letterboxd.com/claycarson/film/liar-liar/,,,,2015-11-09
2019-11-12,Limitless,2011,https://letterboxd.com/claycarson/film/limitless/,,,,2015-11-09
2019-11-12,Lincoln,2012,https://letterboxd.com/claycarson/film/lincoln/,,,,2015-11-09
2019-11-12,Little Big League,1994,https://letterboxd.com/claycarson/film/little-big-league/,,,,2015-11-09
2019-11-12,Little Giants,1994,https://letterboxd.com/claycarson/film/little-giants/,,,,2015-11-09
2019-11-12,Little Miss Sunshine,2006,https://letterboxd.com/claycarson/film/little-miss-sunshine/,,,,2015-11-09
2019-11-12,"Lock, Stock and Two Smoking Barrels",1998,https://letterboxd.com/claycarson/film/lock-stock-and-two-smoking-barrels/,,,,2015-11-09
2019-11-12,Lord of War,2005,https://letterboxd.com/claycarson/film/lord-of-war/,,,,2015-11-09
2019-11-12,Lone Survivor,2013,https://letterboxd.com/claycarson/film/lone-survivor/,,,,2015-11-09
2019-11-12,Love Actually,2003,https://letterboxd.com/claycarson/film/love-actually/,,,,2015-11-09
2019-11-12,Lucky Number Slevin,2006,https://letterboxd.com/claycarson/film/lucky-number-slevin/,,,,2015-11-09
2019-11-12,Macheads,2009,https://letterboxd.com/claycarson/film/macheads/,,,,2015-11-09
2019-11-12,Mad Max: Fury Road,2015,https://letterboxd.com/claycarson/film/mad-max-fury-road/,,,,2015-11-09
2019-11-12,Major League,1989,https://letterboxd.com/claycarson/film/major-league/,,,,2015-11-09
2019-11-12,Major League: Back to the Minors,1998,https://letterboxd.com/claycarson/film/major-league-back-to-the-minors/,,,,2015-11-09
2019-11-12,Major Payne,1995,https://letterboxd.com/claycarson/film/major-payne/,,,,2015-11-09
2019-11-12,Mallrats,1995,https://letterboxd.com/claycarson/film/mallrats/,,,,2015-11-09
2019-11-12,Man on Wire,2008,https://letterboxd.com/claycarson/film/man-on-wire/,,,,2015-11-09
2019-11-12,Mars Attacks!,1996,https://letterboxd.com/claycarson/film/mars-attacks/,,,,2015-11-09
2019-11-12,Mary Poppins,1964,https://letterboxd.com/claycarson/film/mary-poppins/,,,,2015-11-09
2019-11-12,Match Point,2005,https://letterboxd.com/claycarson/film/match-point/,,,,2015-11-09
2019-11-12,Mean Girls,2004,https://letterboxd.com/claycarson/film/mean-girls/,,,,2015-11-09
2019-11-12,Meet the Fockers,2004,https://letterboxd.com/claycarson/film/meet-the-fockers/,,,,2015-11-09
2019-11-12,Meet the Parents,2000,https://letterboxd.com/claycarson/film/meet-the-parents/,,,,2015-11-09
2019-11-12,Men in Black,1997,https://letterboxd.com/claycarson/film/men-in-black/,,,,2015-11-09
2019-11-12,Men in Black II,2002,https://letterboxd.com/claycarson/film/men-in-black-ii/,,,,2015-11-09
2019-11-12,Men in Black 3,2012,https://letterboxd.com/claycarson/film/men-in-black-3/,,,,2015-11-09
2019-11-12,Michael Clayton,2007,https://letterboxd.com/claycarson/film/michael-clayton/,,,,2015-11-09
2019-11-12,Midnight in Paris,2011,https://letterboxd.com/claycarson/film/midnight-in-paris/,,,,2015-11-09
2019-11-12,Mighty Morphin Power Rangers: The Movie,1995,https://letterboxd.com/claycarson/film/mighty-morphin-power-rangers-the-movie/,,,,2015-11-09
2019-11-12,Milk,2008,https://letterboxd.com/claycarson/film/milk-2008/,,,,2015-11-09
2019-11-12,Million Dollar Baby,2004,https://letterboxd.com/claycarson/film/million-dollar-baby/,,,,2015-11-09
2019-11-12,Minority Report,2002,https://letterboxd.com/claycarson/film/minority-report/,,,,2015-11-09
2019-11-12,Miracle,2004,https://letterboxd.com/claycarson/film/miracle/,,,,2015-11-09
2019-11-12,Miracle on 34th Street,1947,https://letterboxd.com/claycarson/film/miracle-on-34th-street/,,,,2015-11-09
2019-11-12,Mission: Impossible,1996,https://letterboxd.com/claycarson/film/mission-impossible/,,,,2015-11-09
2019-11-12,Mission: Impossible II,2000,https://letterboxd.com/claycarson/film/mission-impossible-ii/,,,,2015-11-09
2019-11-12,Mission: Impossible III,2006,https://letterboxd.com/claycarson/film/mission-impossible-iii/,,,,2015-11-09
2019-11-12,Mission: Impossible - Ghost Protocol,2011,https://letterboxd.com/claycarson/film/mission-impossible-ghost-protocol/,,,,2015-11-09
2019-11-12,Moneyball,2011,https://letterboxd.com/claycarson/film/moneyball/,,,,2015-11-09
2019-11-12,"Monsters, Inc.",2001,https://letterboxd.com/claycarson/film/monsters-inc/,,,,2015-11-09
2019-11-12,Monty Python and the Holy Grail,1975,https://letterboxd.com/claycarson/film/monty-python-and-the-holy-grail/,,,,2015-11-09
2019-11-12,Moonrise Kingdom,2012,https://letterboxd.com/claycarson/film/moonrise-kingdom/,,,,2015-11-09
2019-11-12,Motocrossed,2001,https://letterboxd.com/claycarson/film/motocrossed/,,,,2015-11-09
2019-11-12,MouseHunt,1997,https://letterboxd.com/claycarson/film/mousehunt/,,,,2015-11-09
2019-11-12,Mr. Deeds,2002,https://letterboxd.com/claycarson/film/mr-deeds/,,,,2015-11-09
2019-11-12,Mrs. Doubtfire,1993,https://letterboxd.com/claycarson/film/mrs-doubtfire/,,,,2015-11-09
2019-11-12,Mud,2012,https://letterboxd.com/claycarson/film/mud/,,,,2015-11-09
2019-11-12,Mulan,1998,https://letterboxd.com/claycarson/film/mulan/,,,,2015-11-09
2019-11-12,Munich,2005,https://letterboxd.com/claycarson/film/munich/,,,,2015-11-09
2019-11-12,Muppet Treasure Island,1996,https://letterboxd.com/claycarson/film/muppet-treasure-island/,,,,2015-11-09
2019-11-12,My Big Fat Greek Wedding,2002,https://letterboxd.com/claycarson/film/my-big-fat-greek-wedding/,,,,2015-11-09
2019-11-12,My Favorite Martian,1999,https://letterboxd.com/claycarson/film/my-favorite-martian/,,,,2015-11-09
2019-11-12,Mystery Men,1999,https://letterboxd.com/claycarson/film/mystery-men/,,,,2015-11-09
2019-11-12,Mystic River,2003,https://letterboxd.com/claycarson/film/mystic-river/,,,,2015-11-09
2019-11-12,National Lampoon's Vacation,1983,https://letterboxd.com/claycarson/film/national-lampoons-vacation/,,,,2015-11-09
2019-11-12,National Security,2003,https://letterboxd.com/claycarson/film/national-security/,,,,2015-11-09
2019-11-12,National Treasure,2004,https://letterboxd.com/claycarson/film/national-treasure/,,,,2015-11-09
2019-11-12,Natural Born Killers,1994,https://letterboxd.com/claycarson/film/natural-born-killers/,,,,2015-11-09
2019-11-12,Neighbors,2014,https://letterboxd.com/claycarson/film/neighbors-2014/,,,,2015-11-09
2019-11-12,Nightcrawler,2014,https://letterboxd.com/claycarson/film/nightcrawler/,,,,2015-11-09
2019-11-12,Nine Innings from Ground Zero,2004,https://letterboxd.com/claycarson/film/nine-innings-from-ground-zero/,,,,2015-11-09
2019-11-12,No Country for Old Men,2007,https://letterboxd.com/claycarson/film/no-country-for-old-men/,,,,2015-11-09
2019-11-12,No Strings Attached,2011,https://letterboxd.com/claycarson/film/no-strings-attached/,,,,2015-11-09
2019-11-12,"O Brother, Where Art Thou?",2000,https://letterboxd.com/claycarson/film/o-brother-where-art-thou/,,,,2015-11-09
2019-11-12,Objectified,2009,https://letterboxd.com/claycarson/film/objectified/,,,,2015-11-09
2019-11-12,Ocean's Eleven,2001,https://letterboxd.com/claycarson/film/oceans-eleven-2001/,,,,2015-11-09
2019-11-12,Ocean's Twelve,2004,https://letterboxd.com/claycarson/film/oceans-twelve/,,,,2015-11-09
2019-11-12,Ocean's Thirteen,2007,https://letterboxd.com/claycarson/film/oceans-thirteen/,,,,2015-11-09
2019-11-12,October Sky,1999,https://letterboxd.com/claycarson/film/october-sky/,,,,2015-11-09
2019-11-12,Office Space,1999,https://letterboxd.com/claycarson/film/office-space/,,,,2015-11-09
2019-11-12,Old School,2003,https://letterboxd.com/claycarson/film/old-school/,,,,2015-11-09
2019-11-12,Oliver & Company,1988,https://letterboxd.com/claycarson/film/oliver-company/,,,,2015-11-09
2019-11-12,One Hour Photo,2002,https://letterboxd.com/claycarson/film/one-hour-photo/,,,,2015-11-09
2019-11-12,Orange County,2002,https://letterboxd.com/claycarson/film/orange-county/,,,,2015-11-09
2019-11-12,Out Cold,2001,https://letterboxd.com/claycarson/film/out-cold/,,,,2015-11-09
2019-11-12,Pain & Gain,2013,https://letterboxd.com/claycarson/film/pain-gain/,,,,2015-11-09
2019-11-12,Paper Towns,2015,https://letterboxd.com/claycarson/film/paper-towns/,,,,2015-11-09
2019-11-12,Paranormal Activity,2007,https://letterboxd.com/claycarson/film/paranormal-activity/,,,,2015-11-09
2019-11-12,Paranormal Activity 2,2010,https://letterboxd.com/claycarson/film/paranormal-activity-2/,,,,2015-11-09
2019-11-12,Paranormal Activity 3,2011,https://letterboxd.com/claycarson/film/paranormal-activity-3/,,,,2015-11-09
2019-11-12,Paranormal Activity 4,2012,https://letterboxd.com/claycarson/film/paranormal-activity-4/,,,,2015-11-09
2019-11-12,Peter Pan,1953,https://letterboxd.com/claycarson/film/peter-pan/,,,,2015-11-09
2019-11-12,Phantom of the Megaplex,2000,https://letterboxd.com/claycarson/film/phantom-of-the-megaplex/,,,,2015-11-09
2019-11-12,Phone Booth,2002,https://letterboxd.com/claycarson/film/phone-booth/,,,,2015-11-09
2019-11-12,The Phantom of the Opera,2004,https://letterboxd.com/claycarson/film/the-phantom-of-the-opera-2004/,,,,2015-11-09
2019-11-12,Pineapple Express,2008,https://letterboxd.com/claycarson/film/pineapple-express/,,,,2015-11-09
2019-11-12,Pinocchio,1940,https://letterboxd.com/claycarson/film/pinocchio/,,,,2015-11-09
2019-11-12,Pirates of Silicon Valley,1999,https://letterboxd.com/claycarson/film/pirates-of-silicon-valley/,,,,2015-11-09
2019-11-12,Pirates of the Caribbean: At World's End,2007,https://letterboxd.com/claycarson/film/pirates-of-the-caribbean-at-worlds-end/,,,,2015-11-09
2019-11-12,Pirates of the Caribbean: Dead Man's Chest,2006,https://letterboxd.com/claycarson/film/pirates-of-the-caribbean-dead-mans-chest/,,,,2015-11-09
2019-11-12,Pirates of the Caribbean: The Curse of the Black Pearl,2003,https://letterboxd.com/claycarson/film/pirates-of-the-caribbean-the-curse-of-the-black-pearl/,,,,2015-11-09
2019-11-12,Pocahontas,1995,https://letterboxd.com/claycarson/film/pocahontas/,,,,2015-11-09
2019-11-12,Prancer,1989,https://letterboxd.com/claycarson/film/prancer/,,,,2015-11-09
2019-11-12,Prisoners,2013,https://letterboxd.com/claycarson/film/prisoners/,,,,2015-11-09
2019-11-12,Pulp Fiction,1994,https://letterboxd.com/claycarson/film/pulp-fiction/,,,,2015-11-09
2019-11-12,Raging Bull,1980,https://letterboxd.com/claycarson/film/raging-bull/,,,,2015-11-09
2019-11-12,Raiders of the Lost Ark,1981,https://letterboxd.com/claycarson/film/raiders-of-the-lost-ark/,,,,2015-11-09
2019-11-12,Rain Man,1988,https://letterboxd.com/claycarson/film/rain-man/,,,,2015-11-09
2019-11-12,Rat Race,2001,https://letterboxd.com/claycarson/film/rat-race/,,,,2015-11-09
2019-11-12,Ratatouille,2007,https://letterboxd.com/claycarson/film/ratatouille/,,,,2015-11-09
2019-11-12,Red Eye,2005,https://letterboxd.com/claycarson/film/red-eye/,,,,2015-11-09
2019-11-12,Reindeer Games,2000,https://letterboxd.com/claycarson/film/reindeer-games/,,,,2015-11-09
2019-11-12,Remember the Titans,2000,https://letterboxd.com/claycarson/film/remember-the-titans/,,,,2015-11-09
2019-11-12,Requiem for a Dream,2000,https://letterboxd.com/claycarson/film/requiem-for-a-dream/,,,,2015-11-09
2019-11-12,Restrepo,2010,https://letterboxd.com/claycarson/film/restrepo/,,,,2015-11-09
2019-11-12,Revolutionary Road,2008,https://letterboxd.com/claycarson/film/revolutionary-road/,,,,2015-11-09
2019-11-12,Richie Rich's Christmas Wish,1998,https://letterboxd.com/claycarson/film/richie-richs-christmas-wish/,,,,2015-11-09
2019-11-12,Ri¢hie Ri¢h,1994,https://letterboxd.com/claycarson/film/rihie-rih/,,,,2015-11-09
2019-11-12,Ride Along,2014,https://letterboxd.com/claycarson/film/ride-along/,,,,2015-11-09
2019-11-12,Road Trip,2000,https://letterboxd.com/claycarson/film/road-trip/,,,,2015-11-09
2019-11-12,Robin Hood,1973,https://letterboxd.com/claycarson/film/robin-hood/,,,,2015-11-09
2019-11-12,Robin Hood: Men in Tights,1993,https://letterboxd.com/claycarson/film/robin-hood-men-in-tights/,,,,2015-11-09
2019-11-12,Rock Star,2001,https://letterboxd.com/claycarson/film/rock-star/,,,,2015-11-09
2019-11-12,RocketMan,1997,https://letterboxd.com/claycarson/film/rocketman/,,,,2015-11-09
2019-11-12,Rocky,1976,https://letterboxd.com/claycarson/film/rocky/,,,,2015-11-09
2019-11-12,Role Models,2008,https://letterboxd.com/claycarson/film/role-models/,,,,2015-11-09
2019-11-12,Rookie of the Year,1993,https://letterboxd.com/claycarson/film/rookie-of-the-year/,,,,2015-11-09
2019-11-12,Rounders,1998,https://letterboxd.com/claycarson/film/rounders/,,,,2015-11-09
2019-11-12,Rush Hour,1998,https://letterboxd.com/claycarson/film/rush-hour/,,,,2015-11-09
2019-11-12,Rush Hour 2,2001,https://letterboxd.com/claycarson/film/rush-hour-2/,,,,2015-11-09
2019-11-12,Rush Hour 3,2007,https://letterboxd.com/claycarson/film/rush-hour-3/,,,,2015-11-09
2019-11-12,Rushmore,1998,https://letterboxd.com/claycarson/film/rushmore/,,,,2015-11-09
2019-11-12,S.W.A.T.,2003,https://letterboxd.com/claycarson/film/swat/,,,,2015-11-09
2019-11-12,Safety Not Guaranteed,2012,https://letterboxd.com/claycarson/film/safety-not-guaranteed/,,,,2015-11-09
2019-11-12,Santa's Slay,2005,https://letterboxd.com/claycarson/film/santas-slay/,,,,2015-11-09
2019-11-12,Saving Private Ryan,1998,https://letterboxd.com/claycarson/film/saving-private-ryan/,,,,2015-11-09
2019-11-12,Saving Silverman,2001,https://letterboxd.com/claycarson/film/saving-silverman/,,,,2015-11-09
2019-11-12,Scary Movie,2000,https://letterboxd.com/claycarson/film/scary-movie-2000/,,,,2015-11-09
2019-11-12,School of Rock,2003,https://letterboxd.com/claycarson/film/school-of-rock/,,,,2015-11-09
2019-11-12,Scott Pilgrim vs. the World,2010,https://letterboxd.com/claycarson/film/scott-pilgrim-vs-the-world/,,,,2015-11-09
2019-11-12,Se7en,1995,https://letterboxd.com/claycarson/film/se7en/,5,,,2015-11-09
2019-11-12,Seabiscuit,2003,https://letterboxd.com/claycarson/film/seabiscuit/,,,,2015-11-09
2019-11-12,Seal Team Six: The Raid on Osama Bin Laden,2012,https://letterboxd.com/claycarson/film/seal-team-six-the-raid-on-osama-bin-laden/,,,,2015-11-09
2019-11-12,Secretariat,2010,https://letterboxd.com/claycarson/film/secretariat/,,,,2015-11-09
2019-11-12,Seven Psychopaths,2012,https://letterboxd.com/claycarson/film/seven-psychopaths/,,,,2015-11-09
2019-11-12,Sgt. Bilko,1996,https://letterboxd.com/claycarson/film/sgt-bilko/,,,,2015-11-09
2019-11-12,Shanghai Knights,2003,https://letterboxd.com/claycarson/film/shanghai-knights/,,,,2015-11-09
2019-11-12,Shanghai Noon,2000,https://letterboxd.com/claycarson/film/shanghai-noon/,,,,2015-11-09
2019-11-12,Shaun of the Dead,2004,https://letterboxd.com/claycarson/film/shaun-of-the-dead/,,,,2015-11-09
2019-11-12,Shooter,2007,https://letterboxd.com/claycarson/film/shooter/,,,,2015-11-09
2019-11-12,Shrek,2001,https://letterboxd.com/claycarson/film/shrek/,,,,2015-11-09
2019-11-12,Shrek 2,2004,https://letterboxd.com/claycarson/film/shrek-2/,,,,2015-11-09
2019-11-12,Shutter Island,2010,https://letterboxd.com/claycarson/film/shutter-island/,,,,2015-11-09
2019-11-12,Sin City,2005,https://letterboxd.com/claycarson/film/sin-city/,,,,2015-11-09
2019-11-12,Slackers,2002,https://letterboxd.com/claycarson/film/slackers/,,,,2015-11-09
2019-11-12,Slap Shot,1977,https://letterboxd.com/claycarson/film/slap-shot/,,,,2015-11-09
2019-11-12,Slumdog Millionaire,2008,https://letterboxd.com/claycarson/film/slumdog-millionaire/,,,,2015-11-09
2019-11-12,Smart House,1999,https://letterboxd.com/claycarson/film/smart-house/,,,,2015-11-09
2019-11-12,Smokin' Aces,2006,https://letterboxd.com/claycarson/film/smokin-aces/,,,,2015-11-09
2019-11-12,Snakes on a Plane,2006,https://letterboxd.com/claycarson/film/snakes-on-a-plane/,,,,2015-11-09
2019-11-12,Snatch,2000,https://letterboxd.com/claycarson/film/snatch/,,,,2015-11-09
2019-11-12,Snowpiercer,2013,https://letterboxd.com/claycarson/film/snowpiercer/,,,,2015-11-09
2019-11-12,Snow White and the Seven Dwarfs,1937,https://letterboxd.com/claycarson/film/snow-white-and-the-seven-dwarfs/,,,,2015-11-09
2019-11-12,Somm: Into the Bottle,2015,https://letterboxd.com/claycarson/film/somm-into-the-bottle/,,,,2015-11-09
2019-11-12,Space Jam,1996,https://letterboxd.com/claycarson/film/space-jam/,,,,2015-11-09
2019-11-12,Spaceballs,1987,https://letterboxd.com/claycarson/film/spaceballs/,,,,2015-11-09
2019-11-12,Spider-Man,2002,https://letterboxd.com/claycarson/film/spider-man/,,,,2015-11-09
2019-11-12,Spider-Man 2,2004,https://letterboxd.com/claycarson/film/spider-man-2/,,,,2015-11-09
2019-11-12,Spider-Man 3,2007,https://letterboxd.com/claycarson/film/spider-man-3/,,,,2015-11-09
2019-11-12,Spring Breakers,2012,https://letterboxd.com/claycarson/film/spring-breakers/,,,,2015-11-09
2019-11-12,St. Vincent,2014,https://letterboxd.com/claycarson/film/st-vincent/,,,,2015-11-09
2019-11-12,Star Trek,2009,https://letterboxd.com/claycarson/film/star-trek/,,,,2015-11-09
2019-11-12,Star Trek Into Darkness,2013,https://letterboxd.com/claycarson/film/star-trek-into-darkness/,,,,2015-11-09
2019-11-12,Star Wars,1977,https://letterboxd.com/claycarson/film/star-wars/,,,,2015-11-09
2019-11-12,The Empire Strikes Back,1980,https://letterboxd.com/claycarson/film/the-empire-strikes-back/,,,,2015-11-09
2019-11-12,Return of the Jedi,1983,https://letterboxd.com/claycarson/film/return-of-the-jedi/,,,,2015-11-09
2019-11-12,Star Wars: Episode I - The Phantom Menace,1999,https://letterboxd.com/claycarson/film/star-wars-episode-i-the-phantom-menace/,,,,2015-11-09
2019-11-12,Star Wars: Episode II - Attack of the Clones,2002,https://letterboxd.com/claycarson/film/star-wars-episode-ii-attack-of-the-clones/,,,,2015-11-09
2019-11-12,Star Wars: Episode III - Revenge of the Sith,2005,https://letterboxd.com/claycarson/film/star-wars-episode-iii-revenge-of-the-sith/,,,,2015-11-09
2019-11-12,Starsky & Hutch,2004,https://letterboxd.com/claycarson/film/starsky-hutch/,,,,2015-11-09
2019-11-12,Stealing Harvard,2002,https://letterboxd.com/claycarson/film/stealing-harvard/,,,,2015-11-09
2019-11-12,Stuart Little,1999,https://letterboxd.com/claycarson/film/stuart-little/,,,,2015-11-09
2019-11-12,Sunshine,2007,https://letterboxd.com/claycarson/film/sunshine-2007/,,,,2015-11-09
2019-11-12,Super 8,2011,https://letterboxd.com/claycarson/film/super-8/,,,,2015-11-09
2019-11-12,Super Size Me,2004,https://letterboxd.com/claycarson/film/super-size-me/,,,,2015-11-09
2019-11-12,Super Troopers,2001,https://letterboxd.com/claycarson/film/super-troopers/,,,,2015-11-09
2019-11-12,Superbad,2007,https://letterboxd.com/claycarson/film/superbad/,,,,2015-11-09
2019-11-12,Sweeney Todd: The Demon Barber of Fleet Street,2007,https://letterboxd.com/claycarson/film/sweeney-todd-the-demon-barber-of-fleet-street-2007/,,,,2015-11-09
2019-11-12,Talladega Nights: The Ballad of Ricky Bobby,2006,https://letterboxd.com/claycarson/film/talladega-nights-the-ballad-of-ricky-bobby/,,,,2015-11-09
2019-11-12,Tarzan,1999,https://letterboxd.com/claycarson/film/tarzan/,,,,2015-11-09
2019-11-12,Taxi,2004,https://letterboxd.com/claycarson/film/taxi-2004/,,,,2015-11-09
2019-11-12,Team America: World Police,2004,https://letterboxd.com/claycarson/film/team-america-world-police/,,,,2015-11-09
2019-11-12,Tears of the Sun,2003,https://letterboxd.com/claycarson/film/tears-of-the-sun/,,,,2015-11-09
2019-11-12,Ted,2012,https://letterboxd.com/claycarson/film/ted/,,,,2015-11-09
2019-11-12,Teenage Mutant Ninja Turtles,1990,https://letterboxd.com/claycarson/film/teenage-mutant-ninja-turtles/,,,,2015-11-09
2019-11-12,Thank You for Smoking,2005,https://letterboxd.com/claycarson/film/thank-you-for-smoking/,,,,2015-11-09
2019-11-12,The 40 Year Old Virgin,2005,https://letterboxd.com/claycarson/film/the-40-year-old-virgin/,,,,2015-11-09
2019-11-12,The Adjustment Bureau,2011,https://letterboxd.com/claycarson/film/the-adjustment-bureau/,,,,2015-11-09
2019-11-12,The Amazing Spider-Man,2012,https://letterboxd.com/claycarson/film/the-amazing-spider-man/,,,,2015-11-09
2019-11-12,The Avengers,2012,https://letterboxd.com/claycarson/film/the-avengers-2012/,,,,2015-11-09
2019-11-12,The Bank Job,2008,https://letterboxd.com/claycarson/film/the-bank-job-2008/,,,,2015-11-09
2019-11-12,The Big Bounce,2004,https://letterboxd.com/claycarson/film/the-big-bounce/,,,,2015-11-09
2019-11-12,The Big Lebowski,1998,https://letterboxd.com/claycarson/film/the-big-lebowski/,,,,2015-11-09
2019-11-12,The Birds,1963,https://letterboxd.com/claycarson/film/the-birds/,,,,2015-11-09
2019-11-12,The Blind Side,2009,https://letterboxd.com/claycarson/film/the-blind-side/,,,,2015-11-09
2019-11-12,The Bling Ring,2013,https://letterboxd.com/claycarson/film/the-bling-ring/,,,,2015-11-09
2019-11-12,The Boondock Saints,1999,https://letterboxd.com/claycarson/film/the-boondock-saints/,,,,2015-11-09
2019-11-12,The Bourne Identity,2002,https://letterboxd.com/claycarson/film/the-bourne-identity-2002/,,,,2015-11-09
2019-11-12,The Bourne Legacy,2012,https://letterboxd.com/claycarson/film/the-bourne-legacy/,,,,2015-11-09
2019-11-12,The Bourne Supremacy,2004,https://letterboxd.com/claycarson/film/the-bourne-supremacy/,,,,2015-11-09
2019-11-12,The Bourne Ultimatum,2007,https://letterboxd.com/claycarson/film/the-bourne-ultimatum/,,,,2015-11-09
2019-11-12,The Break-Up,2006,https://letterboxd.com/claycarson/film/the-break-up/,,,,2015-11-09
2019-11-12,The Breakfast Club,1985,https://letterboxd.com/claycarson/film/the-breakfast-club/,,,,2015-11-09
2019-11-12,The Butterfly Effect,2004,https://letterboxd.com/claycarson/film/the-butterfly-effect/,,,,2015-11-09
2019-11-12,The Cable Guy,1996,https://letterboxd.com/claycarson/film/the-cable-guy/,,,,2015-11-09
2019-11-12,The Curious Case of Benjamin Button,2008,https://letterboxd.com/claycarson/film/the-curious-case-of-benjamin-button/,,,,2015-11-09
2019-11-12,The Darjeeling Limited,2007,https://letterboxd.com/claycarson/film/the-darjeeling-limited/,,,,2015-11-09
2019-11-12,The Dark Knight,2008,https://letterboxd.com/claycarson/film/the-dark-knight/,,,,2015-11-09
2019-11-12,The Dark Knight Rises,2012,https://letterboxd.com/claycarson/film/the-dark-knight-rises/,,,,2015-11-09
2019-11-12,The Departed,2006,https://letterboxd.com/claycarson/film/the-departed/,,,,2015-11-09
2019-11-12,The Devil Wears Prada,2006,https://letterboxd.com/claycarson/film/the-devil-wears-prada/,,,,2015-11-09
2019-11-12,The Even Stevens Movie,2003,https://letterboxd.com/claycarson/film/the-even-stevens-movie/,,,,2015-11-09
2019-11-12,The Fighter,2010,https://letterboxd.com/claycarson/film/the-fighter-2010/,,,,2015-11-09
2019-11-12,The Flintstones,1994,https://letterboxd.com/claycarson/film/the-flintstones/,,,,2015-11-09
2019-11-12,The Fox and the Hound,1981,https://letterboxd.com/claycarson/film/the-fox-and-the-hound/,,,,2015-11-09
2019-11-12,The Ghost & Mr. Chicken,1966,https://letterboxd.com/claycarson/film/the-ghost-mr-chicken/,,,,2015-11-09
2019-11-12,The Girl Next Door,2004,https://letterboxd.com/claycarson/film/the-girl-next-door-2004/,,,,2015-11-09
2019-11-12,The Godfather,1972,https://letterboxd.com/claycarson/film/the-godfather/,,,,2015-11-09
2019-11-12,The Good Shepherd,2006,https://letterboxd.com/claycarson/film/the-good-shepherd/,,,,2015-11-09
2019-11-12,The Grand Budapest Hotel,2014,https://letterboxd.com/claycarson/film/the-grand-budapest-hotel/,,,,2015-11-09
2019-11-12,The Grapes of Wrath,1940,https://letterboxd.com/claycarson/film/the-grapes-of-wrath/,,,,2015-11-09
2019-11-12,The Great Gatsby,2013,https://letterboxd.com/claycarson/film/the-great-gatsby-2013/,,,,2015-11-09
2019-11-12,The Great Mouse Detective,1986,https://letterboxd.com/claycarson/film/the-great-mouse-detective/,,,,2015-11-09
2019-11-12,The Hangover,2009,https://letterboxd.com/claycarson/film/the-hangover/,,,,2015-11-09
2019-11-12,The Hangover Part II,2011,https://letterboxd.com/claycarson/film/the-hangover-part-ii/,,,,2015-11-09
2019-11-12,The Hills Have Eyes,2006,https://letterboxd.com/claycarson/film/the-hills-have-eyes-2006/,,,,2015-11-09
2019-11-12,The Hitchhiker's Guide to the Galaxy,2005,https://letterboxd.com/claycarson/film/the-hitchhikers-guide-to-the-galaxy-2005/,,,,2015-11-09
2019-11-12,The Hobbit: An Unexpected Journey,2012,https://letterboxd.com/claycarson/film/the-hobbit-an-unexpected-journey/,,,,2015-11-09
2019-11-12,The Holiday,2006,https://letterboxd.com/claycarson/film/the-holiday/,,,,2015-11-09
2019-11-12,The Human Centipede (First Sequence),2009,https://letterboxd.com/claycarson/film/the-human-centipede-first-sequence/,,,,2015-11-09
2019-11-12,The Hunchback of Notre Dame,1996,https://letterboxd.com/claycarson/film/the-hunchback-of-notre-dame-1996/,,,,2015-11-09
2019-11-12,The Hunger Games,2012,https://letterboxd.com/claycarson/film/the-hunger-games/,,,,2015-11-09
2019-11-12,The Hurt Locker,2008,https://letterboxd.com/claycarson/film/the-hurt-locker/,,,,2015-11-09
2019-11-12,The Illusionist,2006,https://letterboxd.com/claycarson/film/the-illusionist/,,,,2015-11-09
2019-11-12,The Imitation Game,2014,https://letterboxd.com/claycarson/film/the-imitation-game/,,,,2015-11-09
2019-11-12,The Inbetweeners Movie,2011,https://letterboxd.com/claycarson/film/the-inbetweeners-movie/,,,,2015-11-09
2019-11-12,The Inbetweeners 2,2014,https://letterboxd.com/claycarson/film/the-inbetweeners-2/,,,,2015-11-09
2019-11-12,The Incredibles,2004,https://letterboxd.com/claycarson/film/the-incredibles/,,,,2015-11-09
2019-11-12,The Indian in the Cupboard,1995,https://letterboxd.com/claycarson/film/the-indian-in-the-cupboard/,,,,2015-11-09
2019-11-12,The Informant!,2009,https://letterboxd.com/claycarson/film/the-informant-2009/,,,,2015-11-09
2019-11-12,The Italian Job,2003,https://letterboxd.com/claycarson/film/the-italian-job-2003/,3.5,,,2015-11-09
2019-11-12,The Jungle Book,1967,https://letterboxd.com/claycarson/film/the-jungle-book/,3,,,2015-11-09
2019-11-12,The King's Speech,2010,https://letterboxd.com/claycarson/film/the-kings-speech/,3.5,,,2015-11-09
2019-11-12,The Last of the Mohicans,1992,https://letterboxd.com/claycarson/film/the-last-of-the-mohicans-1992/,1.5,,,2015-11-09
2019-11-12,The Ledge,2011,https://letterboxd.com/claycarson/film/the-ledge/,2.5,,,2015-11-09
2019-11-12,The Legend of Bagger Vance,2000,https://letterboxd.com/claycarson/film/the-legend-of-bagger-vance/,3.5,,,2015-11-09
2019-11-12,The Life Aquatic with Steve Zissou,2004,https://letterboxd.com/claycarson/film/the-life-aquatic-with-steve-zissou/,2.5,,,2015-11-09
2019-11-12,The Lincoln Lawyer,2011,https://letterboxd.com/claycarson/film/the-lincoln-lawyer/,3,,,2015-11-09
2019-11-12,The Lion King,1994,https://letterboxd.com/claycarson/film/the-lion-king/,4,,,2015-11-09
2019-11-12,The Little Mermaid,1989,https://letterboxd.com/claycarson/film/the-little-mermaid/,2.5,,,2015-11-09
2019-11-12,The Longest Yard,2005,https://letterboxd.com/claycarson/film/the-longest-yard-2005/,2.5,,,2015-11-09
2019-11-12,The Lord of the Rings: The Fellowship of the Ring,2001,https://letterboxd.com/claycarson/film/the-lord-of-the-rings-the-fellowship-of-the-ring/,3.5,,,2015-11-09
2019-11-12,The Luck of the Irish,2001,https://letterboxd.com/claycarson/film/the-luck-of-the-irish/,3,,,2015-11-09
2019-11-12,The Mask,1994,https://letterboxd.com/claycarson/film/the-mask-1994/,3,,,2015-11-09
2019-11-12,The Mask of Zorro,1998,https://letterboxd.com/claycarson/film/the-mask-of-zorro/,2.5,,,2015-11-09
2019-11-12,The Master,2012,https://letterboxd.com/claycarson/film/the-master-2012/,3,,,2015-11-09
2019-11-12,The Master of Disguise,2002,https://letterboxd.com/claycarson/film/the-master-of-disguise/,3.5,,,2015-11-09
2019-11-12,The Matrix,1999,https://letterboxd.com/claycarson/film/the-matrix/,5,,,2015-11-09
2019-11-12,The Matrix Reloaded,2003,https://letterboxd.com/claycarson/film/the-matrix-reloaded/,1.5,,,2015-11-09
2019-11-12,The Matrix Revolutions,2003,https://letterboxd.com/claycarson/film/the-matrix-revolutions/,1.5,,,2015-11-09
2019-11-12,The Mummy,1999,https://letterboxd.com/claycarson/film/the-mummy-1999/,3,,,2015-11-09
2019-11-12,The Muppet Christmas Carol,1992,https://letterboxd.com/claycarson/film/the-muppet-christmas-carol/,4.5,,,2015-11-09
2019-11-12,The Muppets,2011,https://letterboxd.com/claycarson/film/the-muppets/,3,,,2015-11-09
2019-11-12,The Omen,1976,https://letterboxd.com/claycarson/film/the-omen/,3,,,2015-11-09
2019-11-12,The Other Guys,2010,https://letterboxd.com/claycarson/film/the-other-guys/,3,,,2015-11-09
2019-11-12,The Parent Trap,1998,https://letterboxd.com/claycarson/film/the-parent-trap-1998/,3.5,,,2015-11-09
2019-11-12,The Patriot,2000,https://letterboxd.com/claycarson/film/the-patriot-2000/,4,,,2015-11-09
2019-11-12,The Prestige,2006,https://letterboxd.com/claycarson/film/the-prestige/,4.5,,,2015-11-09
2019-11-12,The Proposal,2009,https://letterboxd.com/claycarson/film/the-proposal-2009/,3.5,,,2015-11-09
2019-11-12,The Recruit,2003,https://letterboxd.com/claycarson/film/the-recruit/,3,,,2015-11-09
2019-11-12,The Replacements,2000,https://letterboxd.com/claycarson/film/the-replacements/,3,,,2015-11-09
2019-11-12,The Rescuers,1977,https://letterboxd.com/claycarson/film/the-rescuers/,2.5,,,2015-11-09
2019-11-12,The Rescuers Down Under,1990,https://letterboxd.com/claycarson/film/the-rescuers-down-under/,2.5,,,2015-11-09
2019-11-12,The Rock,1996,https://letterboxd.com/claycarson/film/the-rock/,2.5,,,2015-11-09
2019-11-12,The Rocketeer,1991,https://letterboxd.com/claycarson/film/the-rocketeer/,2.5,,,2015-11-09
2019-11-12,The Rookie,2002,https://letterboxd.com/claycarson/film/the-rookie-2002/,4,,,2015-11-09
2019-11-12,The Royal Tenenbaums,2001,https://letterboxd.com/claycarson/film/the-royal-tenenbaums/,4,,,2015-11-09
2019-11-12,The Sandlot,1993,https://letterboxd.com/claycarson/film/the-sandlot/,4,,,2015-11-09
2019-11-12,The Santa Clause,1994,https://letterboxd.com/claycarson/film/the-santa-clause/,3.5,,,2015-11-09
2019-11-12,The Shawshank Redemption,1994,https://letterboxd.com/claycarson/film/the-shawshank-redemption/,4.5,,,2015-11-09
2019-11-12,The Shining,1980,https://letterboxd.com/claycarson/film/the-shining/,4,,,2015-11-09
2019-11-12,The Short Game,2013,https://letterboxd.com/claycarson/film/the-short-game/,2.5,,,2015-11-09
2019-11-12,The Silence of the Lambs,1991,https://letterboxd.com/claycarson/film/the-silence-of-the-lambs/,4,,,2015-11-09
2019-11-12,The Social Network,2010,https://letterboxd.com/claycarson/film/the-social-network/,4,,,2015-11-09
2019-11-12,The Spectacular Now,2013,https://letterboxd.com/claycarson/film/the-spectacular-now/,2.5,,,2015-11-09
2019-11-12,The Sword in the Stone,1963,https://letterboxd.com/claycarson/film/the-sword-in-the-stone/,2.5,,,2015-11-09
2019-11-12,The Texas Chainsaw Massacre,2003,https://letterboxd.com/claycarson/film/the-texas-chainsaw-massacre/,2.5,,,2015-11-09
2019-11-12,The Theory of Everything,2014,https://letterboxd.com/claycarson/film/the-theory-of-everything-2014/,4,,,2015-11-09
2019-11-12,The Thirteenth Year,1999,https://letterboxd.com/claycarson/film/the-thirteenth-year/,3.5,,,2015-11-09
2019-11-12,The Town,2010,https://letterboxd.com/claycarson/film/the-town/,4,,,2015-11-09
2019-11-12,The Truman Show,1998,https://letterboxd.com/claycarson/film/the-truman-show/,3.5,,,2015-11-09
2019-11-12,The Usual Suspects,1995,https://letterboxd.com/claycarson/film/the-usual-suspects/,4.5,,,2015-11-09
2019-11-12,The Waterboy,1998,https://letterboxd.com/claycarson/film/the-waterboy/,3,,,2015-11-09
2019-11-12,The Wizard of Oz,1939,https://letterboxd.com/claycarson/film/the-wizard-of-oz-1939/,3.5,,,2015-11-09
2019-11-12,The Wolf of Wall Street,2013,https://letterboxd.com/claycarson/film/the-wolf-of-wall-street/,4,,,2015-11-09
2019-11-12,The Wrestler,2008,https://letterboxd.com/claycarson/film/the-wrestler/,2.5,,,2015-11-09
2019-11-12,There's Something About Mary,1998,https://letterboxd.com/claycarson/film/theres-something-about-mary/,3.5,,,2015-11-09
2019-11-12,Thirteen,2003,https://letterboxd.com/claycarson/film/thirteen/,3.5,,,2015-11-09
2019-11-12,This Is Spinal Tap,1984,https://letterboxd.com/claycarson/film/this-is-spinal-tap/,4,,,2015-11-09
2019-11-12,This Is the End,2013,https://letterboxd.com/claycarson/film/this-is-the-end/,3.5,,,2015-11-09
2019-11-12,Thor,2011,https://letterboxd.com/claycarson/film/thor/,3.5,,,2015-11-09
2019-11-12,Thor: The Dark World,2013,https://letterboxd.com/claycarson/film/thor-the-dark-world/,2.5,,,2015-11-09
2019-11-12,Tin Cup,1996,https://letterboxd.com/claycarson/film/tin-cup/,4,,,2015-11-09
2019-11-12,Titanic,1997,https://letterboxd.com/claycarson/film/titanic-1997/,3.5,,,2015-11-09
2019-11-12,Tommy Boy,1995,https://letterboxd.com/claycarson/film/tommy-boy/,4,,,2015-11-09
2019-11-12,Top Gun,1986,https://letterboxd.com/claycarson/film/top-gun/,4,,,2015-11-09
2019-11-12,Toy Story,1995,https://letterboxd.com/claycarson/film/toy-story/,4,,,2015-11-09
2019-11-12,Toy Story 2,1999,https://letterboxd.com/claycarson/film/toy-story-2/,3.5,,,2015-11-09
2019-11-12,Toy Story 3,2010,https://letterboxd.com/claycarson/film/toy-story-3/,4,,,2015-11-09
2019-11-12,Training Day,2001,https://letterboxd.com/claycarson/film/training-day/,3.5,,,2015-11-09
2019-11-12,Transformers,2007,https://letterboxd.com/claycarson/film/transformers/,3,,,2015-11-09
2019-11-12,TRON: Legacy,2010,https://letterboxd.com/claycarson/film/tron-legacy/,2.5,,,2015-11-09
2019-11-12,Tropic Thunder,2008,https://letterboxd.com/claycarson/film/tropic-thunder/,3.5,,,2015-11-09
2019-11-12,Troy,2004,https://letterboxd.com/claycarson/film/troy/,3,,,2015-11-09
2019-11-12,True Grit,2010,https://letterboxd.com/claycarson/film/true-grit-2010/,3.5,,,2015-11-09
2019-11-12,Underworld,2003,https://letterboxd.com/claycarson/film/underworld-2003/,3.5,,,2015-11-09
2019-11-12,Up,2009,https://letterboxd.com/claycarson/film/up/,4,,,2015-11-09
2019-11-12,Up in the Air,2009,https://letterboxd.com/claycarson/film/up-in-the-air/,3,,,2015-11-09
2019-11-12,"Up, Up, and Away",2000,https://letterboxd.com/claycarson/film/film:97425/,1.5,,,2015-11-09
2019-11-12,U.S. Marshals,1998,https://letterboxd.com/claycarson/film/us-marshals/,2.5,,,2015-11-09
2019-11-12,V for Vendetta,2005,https://letterboxd.com/claycarson/film/v-for-vendetta/,4,,,2015-11-09
2019-11-12,Vegas Vacation,1997,https://letterboxd.com/claycarson/film/vegas-vacation/,3.5,,,2015-11-09
2019-11-12,Vicky Cristina Barcelona,2008,https://letterboxd.com/claycarson/film/vicky-cristina-barcelona/,4,,,2015-11-09
2019-11-12,Walk the Line,2005,https://letterboxd.com/claycarson/film/walk-the-line/,2.5,,,2015-11-09
2019-11-12,WALL·E,2008,https://letterboxd.com/claycarson/film/walle/,4,,,2015-11-09
2019-11-12,War Horse,2011,https://letterboxd.com/claycarson/film/war-horse/,2,,,2015-11-09
2019-11-12,War of the Worlds,2005,https://letterboxd.com/claycarson/film/war-of-the-worlds/,2.5,,,2015-11-09
2019-11-12,WarGames,1983,https://letterboxd.com/claycarson/film/wargames/,2.5,,,2015-11-09
2019-11-12,Wayne's World,1992,https://letterboxd.com/claycarson/film/waynes-world/,3.5,,,2015-11-09
2019-11-12,Wayne's World 2,1993,https://letterboxd.com/claycarson/film/waynes-world-2/,2.5,,,2015-11-09
2019-11-12,We're the Millers,2013,https://letterboxd.com/claycarson/film/were-the-millers/,4,,,2015-11-09
2019-11-12,Wedding Crashers,2005,https://letterboxd.com/claycarson/film/wedding-crashers/,4,,,2015-11-09
2019-11-12,Weekend at Bernie's,1989,https://letterboxd.com/claycarson/film/weekend-at-bernies/,2.5,,,2015-11-09
2019-11-12,West Side Story,1961,https://letterboxd.com/claycarson/film/west-side-story/,3,,,2015-11-09
2019-11-12,Where the Wild Things Are,2009,https://letterboxd.com/claycarson/film/where-the-wild-things-are/,3,,,2015-11-09
2019-11-12,While We're Young,2014,https://letterboxd.com/claycarson/film/while-were-young/,2.5,,,2015-11-09
2019-11-12,White Christmas,1954,https://letterboxd.com/claycarson/film/white-christmas/,2.5,,,2015-11-09
2019-11-12,Willy Wonka & the Chocolate Factory,1971,https://letterboxd.com/claycarson/film/willy-wonka-the-chocolate-factory/,3.5,,,2015-11-09
2019-11-12,Winter's Bone,2010,https://letterboxd.com/claycarson/film/winters-bone/,3.5,,,2015-11-09
2019-11-12,X-Men,2000,https://letterboxd.com/claycarson/film/x-men/,2.5,,,2015-11-09
2019-11-12,X2,2003,https://letterboxd.com/claycarson/film/x2/,2,,,2015-11-09
2019-11-12,X-Men Origins: Wolverine,2009,https://letterboxd.com/claycarson/film/x-men-origins-wolverine/,2,,,2015-11-09
2019-11-12,Year One,2009,https://letterboxd.com/claycarson/film/year-one/,1.5,,,2015-11-09
2019-11-12,"You, Me and Dupree",2006,https://letterboxd.com/claycarson/film/you-me-and-dupree/,2.5,,,2015-11-09
2019-11-12,You've Got Mail,1998,https://letterboxd.com/claycarson/film/youve-got-mail/,3,,,2015-11-09
2019-11-12,Zenon: Girl of the 21st Century,1999,https://letterboxd.com/claycarson/film/zenon-girl-of-the-21st-century/,3,,,2015-11-09
2019-11-12,Zenon: The Zequel,2001,https://letterboxd.com/claycarson/film/zenon-the-zequel/,2.5,,,2015-11-09
2019-11-12,Zero Dark Thirty,2012,https://letterboxd.com/claycarson/film/zero-dark-thirty/,4.5,,,2015-11-09
2019-11-12,Zombieland,2009,https://letterboxd.com/claycarson/film/zombieland/,3,,,2015-11-09
2019-11-12,Zoolander,2001,https://letterboxd.com/claycarson/film/zoolander/,4,,,2015-11-09
2019-11-12,We Were Soldiers,2002,https://letterboxd.com/claycarson/film/we-were-soldiers/,3,,,2015-11-09
2019-11-19,My Date with the President's Daughter,1998,https://letterboxd.com/claycarson/film/my-date-with-the-presidents-daughter/,3,,,2015-11-09
2019-11-19,Iron Will,1994,https://letterboxd.com/claycarson/film/iron-will/,1.5,,,2015-11-09
2019-11-12,For Richer or Poorer,1997,https://letterboxd.com/claycarson/film/for-richer-or-poorer/,2.5,,,2015-11-12
2019-11-12,Ride Along,2014,https://letterboxd.com/claycarson/film/ride-along/1/,3.5,Yes,,2015-11-12
2019-11-12,Good Burger,1997,https://letterboxd.com/claycarson/film/good-burger/,3.5,,,2015-11-12
2019-11-12,Inside Out,2015,https://letterboxd.com/claycarson/film/inside-out-2015/,4.5,,,2015-11-12
2019-11-12,Tucker and Dale vs. Evil,2010,https://letterboxd.com/claycarson/film/tucker-and-dale-vs-evil/,4,,,2015-11-12
2019-11-12,Legally Blonde,2001,https://letterboxd.com/claycarson/film/legally-blonde/,3,,,2015-11-12
2019-11-12,Let's Be Cops,2014,https://letterboxd.com/claycarson/film/lets-be-cops/,2.5,,,2015-11-12
2019-11-12,Man of the Year,2006,https://letterboxd.com/claycarson/film/man-of-the-year-2006/,1.5,,,2015-11-12
2019-11-12,Mrs. Doubtfire,1993,https://letterboxd.com/claycarson/film/mrs-doubtfire/1/,3,Yes,,2015-11-12
2019-11-12,Pay It Forward,2000,https://letterboxd.com/claycarson/film/pay-it-forward/,3.5,,,2015-11-12
2019-11-12,Red Eye,2005,https://letterboxd.com/claycarson/film/red-eye/1/,3.5,Yes,,2015-11-12
2019-11-12,The Life Aquatic with Steve Zissou,2004,https://letterboxd.com/claycarson/film/the-life-aquatic-with-steve-zissou/1/,3.5,Yes,,2015-11-12
2019-11-12,Mighty Morphin Power Rangers: The Movie,1995,https://letterboxd.com/claycarson/film/mighty-morphin-power-rangers-the-movie/1/,2.5,Yes,,2015-11-12
2019-11-12,Rent,2005,https://letterboxd.com/claycarson/film/rent/,1,,,2015-11-12
2019-11-12,Mr. & Mrs. Smith,2005,https://letterboxd.com/claycarson/film/mr-mrs-smith-2005/,4,,,2015-11-12
2019-11-12,The Bounty Hunter,2010,https://letterboxd.com/claycarson/film/the-bounty-hunter/,2,,,2015-11-12
2019-11-12,The Fighter,2010,https://letterboxd.com/claycarson/film/the-fighter-2010/1/,3,Yes,,2015-11-12
2019-11-12,Deuce Bigalow: Male Gigolo,1999,https://letterboxd.com/claycarson/film/deuce-bigalow-male-gigolo/,2,,,2015-11-12
2019-11-12,The Hunger Games: Catching Fire,2013,https://letterboxd.com/claycarson/film/the-hunger-games-catching-fire/,3.5,,,2015-11-30
2019-11-12,The Hunger Games: Mockingjay - Part 1,2014,https://letterboxd.com/claycarson/film/the-hunger-games-mockingjay-part-1/,3.5,,,2015-12-01
2019-11-12,The Equalizer,2014,https://letterboxd.com/claycarson/film/the-equalizer/,3.5,,,2015-12-01
2019-11-12,Star Wars: The Force Awakens,2015,https://letterboxd.com/claycarson/film/star-wars-the-force-awakens/,3.5,,,2015-12-23
2019-11-12,Spotlight,2015,https://letterboxd.com/claycarson/film/spotlight/,4,,,2015-12-23
2019-11-12,Room,2015,https://letterboxd.com/claycarson/film/room-2015/,4,,,2016-01-13
2019-11-12,The Hateful Eight,2015,https://letterboxd.com/claycarson/film/the-hateful-eight/,1.5,,,2016-01-18
2019-11-12,The Big Short,2015,https://letterboxd.com/claycarson/film/the-big-short/,3.5,,,2016-01-18
2019-11-12,Harry Potter and the Philosopher's Stone,2001,https://letterboxd.com/claycarson/film/harry-potter-and-the-philosophers-stone/,2.5,,,2016-01-19
2019-11-12,Harry Potter and the Chamber of Secrets,2002,https://letterboxd.com/claycarson/film/harry-potter-and-the-chamber-of-secrets/,2.5,,,2016-01-19
2019-11-12,Straight Outta Compton,2015,https://letterboxd.com/claycarson/film/straight-outta-compton/,4.5,,,2016-01-20
2019-11-12,Sicario,2015,https://letterboxd.com/claycarson/film/sicario-2015/,4,,,2016-01-21
2019-11-12,Entourage,2015,https://letterboxd.com/claycarson/film/entourage/,3,,,2016-02-01
2019-11-12,Rent-a-Kid,1995,https://letterboxd.com/claycarson/film/rent-a-kid/,3.5,,,2016-02-12
2019-11-12,Deadpool,2016,https://letterboxd.com/claycarson/film/deadpool/,3.5,,,2016-02-16
2019-11-12,Whiplash,2014,https://letterboxd.com/claycarson/film/whiplash-2014/,4.5,,,2016-02-21
2019-11-12,The Notebook,2004,https://letterboxd.com/claycarson/film/the-notebook/,2.5,,,2016-02-22
2019-11-12,The Ugly Truth,2009,https://letterboxd.com/claycarson/film/the-ugly-truth/,2.5,,,2016-02-22
2019-11-12,Miss Congeniality,2000,https://letterboxd.com/claycarson/film/miss-congeniality/,2.5,,,2016-02-22
2019-11-12,The Internship,2013,https://letterboxd.com/claycarson/film/the-internship/,1.5,,,2016-02-22
2019-11-12,Hall Pass,2011,https://letterboxd.com/claycarson/film/hall-pass/,1.5,,,2016-02-22
2019-11-12,Fantastic Mr. Fox,2009,https://letterboxd.com/claycarson/film/fantastic-mr-fox/,2.5,,,2016-02-22
2019-11-12,Marley & Me,2008,https://letterboxd.com/claycarson/film/marley-me/,2.5,,,2016-02-22
2019-11-12,Behind Enemy Lines,2001,https://letterboxd.com/claycarson/film/behind-enemy-lines-2001/,3.5,,,2016-02-22
2019-11-12,"Crazy, Stupid, Love.",2011,https://letterboxd.com/claycarson/film/crazy-stupid-love/,2.5,,,2016-02-22
2019-11-12,Love & Other Drugs,2010,https://letterboxd.com/claycarson/film/love-other-drugs/,2,,,2016-02-22
2019-11-12,Bubble Boy,2001,https://letterboxd.com/claycarson/film/bubble-boy/,1,,,2016-02-22
2019-11-12,Sisters,2015,https://letterboxd.com/claycarson/film/sisters-2015/,2.5,,,2016-03-22
2019-11-12,Zodiac,2007,https://letterboxd.com/claycarson/film/zodiac/,3.5,,,2016-03-30
2019-11-12,Scarface,1983,https://letterboxd.com/claycarson/film/scarface-1983/,3,,,2016-03-30
2019-11-12,Kill Bill: Vol. 1,2003,https://letterboxd.com/claycarson/film/kill-bill-vol-1/,2.5,,,2016-03-31
2019-11-12,Batman v Superman: Dawn of Justice,2016,https://letterboxd.com/claycarson/film/batman-v-superman-dawn-of-justice/,1.5,,,2016-04-03
2019-11-12,Lucy,2014,https://letterboxd.com/claycarson/film/lucy-2014/,3,,,2016-04-13
2019-11-12,The Princess Bride,1987,https://letterboxd.com/claycarson/film/the-princess-bride/,3,,,2016-04-17
2019-11-12,Jurassic World,2015,https://letterboxd.com/claycarson/film/jurassic-world/,3,,,2016-04-27
2019-11-12,Everybody Wants Some!!,2016,https://letterboxd.com/claycarson/film/everybody-wants-some/,2.5,,,2016-05-01
2019-11-12,The Man from U.N.C.L.E.,2015,https://letterboxd.com/claycarson/film/the-man-from-uncle/,3.5,,,2016-05-04
2019-11-12,Harry Potter and the Goblet of Fire,2005,https://letterboxd.com/claycarson/film/harry-potter-and-the-goblet-of-fire/,3,,,2016-05-12
2019-11-12,Harry Potter and the Prisoner of Azkaban,2004,https://letterboxd.com/claycarson/film/harry-potter-and-the-prisoner-of-azkaban/,3,,,2016-05-12
2019-11-12,Harry Potter and the Deathly Hallows: Part 2,2011,https://letterboxd.com/claycarson/film/harry-potter-and-the-deathly-hallows-part-2/,2.5,,,2016-06-03
2019-11-12,Harry Potter and the Half-Blood Prince,2009,https://letterboxd.com/claycarson/film/harry-potter-and-the-half-blood-prince/,2.5,,,2016-06-03
2019-11-12,Harry Potter and the Order of the Phoenix,2007,https://letterboxd.com/claycarson/film/harry-potter-and-the-order-of-the-phoenix/,2.5,,,2016-06-03
2019-11-12,Harry Potter and the Deathly Hallows: Part 1,2010,https://letterboxd.com/claycarson/film/harry-potter-and-the-deathly-hallows-part-1/,2.5,,,2016-06-03
2019-11-12,The Right Stuff,1983,https://letterboxd.com/claycarson/film/the-right-stuff/,4,,,2016-06-03
2019-11-12,The Lobster,2015,https://letterboxd.com/claycarson/film/the-lobster/,3.5,,,2016-06-04
2019-11-12,Ted 2,2015,https://letterboxd.com/claycarson/film/ted-2/,2,,,2016-07-12
2019-11-12,Swingers,1996,https://letterboxd.com/claycarson/film/swingers/,3,,,2016-07-12
2019-11-12,The Talented Mr. Ripley,1999,https://letterboxd.com/claycarson/film/the-talented-mr-ripley/,3,,,2016-07-26
2019-11-12,Jason Bourne,2016,https://letterboxd.com/claycarson/film/jason-bourne/,3,,,2016-08-03
2019-11-12,Tony Robbins: I Am Not Your Guru,2016,https://letterboxd.com/claycarson/film/tony-robbins-i-am-not-your-guru/,3,,,2016-08-12
2019-11-12,Zack and Miri Make a Porno,2008,https://letterboxd.com/claycarson/film/zack-and-miri-make-a-porno/,3,,,2016-08-13
2019-11-12,13 Hours: The Secret Soldiers of Benghazi,2016,https://letterboxd.com/claycarson/film/13-hours-the-secret-soldiers-of-benghazi/,3.5,,,2016-08-19
2019-11-12,The Nice Guys,2016,https://letterboxd.com/claycarson/film/the-nice-guys/,3.5,,,2016-09-02
2019-11-12,The Fundamentals of Caring,2016,https://letterboxd.com/claycarson/film/the-fundamentals-of-caring/,3.5,,,2016-09-06
2019-11-12,Steve Jobs,2015,https://letterboxd.com/claycarson/film/steve-jobs/,3,,,2016-10-04
2019-11-12,The Revenant,2015,https://letterboxd.com/claycarson/film/the-revenant-2015/,3,,,2016-10-05
2019-11-12,Ride Along 2,2016,https://letterboxd.com/claycarson/film/ride-along-2/,3,,,2016-10-09
2019-11-12,Carpool,1996,https://letterboxd.com/claycarson/film/carpool/,4,,,2016-11-02
2019-11-12,The Stupids,1996,https://letterboxd.com/claycarson/film/the-stupids/,2.5,,,2016-11-02
2019-11-12,Before the Flood,2016,https://letterboxd.com/claycarson/film/before-the-flood-2016/,2.5,,,2016-11-05
2019-11-12,Everest,2015,https://letterboxd.com/claycarson/film/everest-2015/,3.5,,,2016-11-05
2019-11-12,War Dogs,2016,https://letterboxd.com/claycarson/film/war-dogs-2016/,3.5,,,2016-11-23
2019-11-12,Hell or High Water,2016,https://letterboxd.com/claycarson/film/hell-or-high-water/,4.5,,,2016-11-25
2019-11-12,Superman Returns,2006,https://letterboxd.com/claycarson/film/superman-returns/,2.5,,,2016-11-28
2019-11-12,Nick and Norah's Infinite Playlist,2008,https://letterboxd.com/claycarson/film/nick-and-norahs-infinite-playlist/,2.5,,,2016-11-28
2019-11-12,Bolt,2008,https://letterboxd.com/claycarson/film/bolt/,2.5,,,2016-11-28
2019-11-12,Four Christmases,2008,https://letterboxd.com/claycarson/film/four-christmases/,2.5,,,2016-11-28
2019-11-12,Doubt,2008,https://letterboxd.com/claycarson/film/doubt/,2.5,,,2016-11-28
2019-11-12,Duplicity,2009,https://letterboxd.com/claycarson/film/duplicity/,2.5,,,2016-11-28
2019-11-12,Away We Go,2009,https://letterboxd.com/claycarson/film/away-we-go/,2.5,,,2016-11-28
2019-11-12,Public Enemies,2009,https://letterboxd.com/claycarson/film/public-enemies-2009/,2.5,,,2016-11-28
2019-11-12,Valentine's Day,2010,https://letterboxd.com/claycarson/film/valentines-day/,2,,,2016-11-28
2019-11-12,Going the Distance,2010,https://letterboxd.com/claycarson/film/going-the-distance-2010/,2,,,2016-11-28
2019-11-12,Arrival,2016,https://letterboxd.com/claycarson/film/arrival-2016/,3.5,,,2016-12-04
2019-11-12,Die Hard,1988,https://letterboxd.com/claycarson/film/die-hard/,3.5,,,2016-12-21
2019-11-12,La La Land,2016,https://letterboxd.com/claycarson/film/la-la-land/,3,,,2016-12-28
2019-11-12,Rogue One: A Star Wars Story,2016,https://letterboxd.com/claycarson/film/rogue-one-a-star-wars-story/,3,,,2016-12-28
2019-11-12,Minimalism: A Documentary About the Important Things,2015,https://letterboxd.com/claycarson/film/minimalism-a-documentary-about-the-important-things/,2.5,,,2016-12-28
2019-11-12,Fastball,2016,https://letterboxd.com/claycarson/film/fastball/,2,,,2016-12-28
2019-11-12,Whiskey Tango Foxtrot,2016,https://letterboxd.com/claycarson/film/whiskey-tango-foxtrot/,2.5,,,2016-12-29
2019-11-12,Fences,2016,https://letterboxd.com/claycarson/film/fences-2016/,2,,,2017-01-03
2019-11-12,The Last Man on the Moon,2014,https://letterboxd.com/claycarson/film/the-last-man-on-the-moon/,2.5,,,2017-01-03
2019-11-12,One Flew Over the Cuckoo's Nest,1975,https://letterboxd.com/claycarson/film/one-flew-over-the-cuckoos-nest/,4,,,2017-01-07
2019-11-12,Moonlight,2016,https://letterboxd.com/claycarson/film/moonlight-2016/,4,,,2017-01-21
2019-11-12,The Accountant,2016,https://letterboxd.com/claycarson/film/the-accountant-2016/,3.5,,,2017-01-28
2019-11-12,Hidden Figures,2016,https://letterboxd.com/claycarson/film/hidden-figures/,4,,,2017-01-29
2019-11-12,Keanu,2016,https://letterboxd.com/claycarson/film/keanu/,3.5,,,2017-02-15
2019-11-12,Lion,2016,https://letterboxd.com/claycarson/film/lion/,3.5,,,2017-02-15
2019-11-12,Central Intelligence,2016,https://letterboxd.com/claycarson/film/central-intelligence/,2.5,,,2017-02-15
2019-11-12,The Edge of Seventeen,2016,https://letterboxd.com/claycarson/film/the-edge-of-seventeen/,3.5,,,2017-02-18
2019-11-12,Zoolander 2,2016,https://letterboxd.com/claycarson/film/zoolander-2/,1,,,2017-02-21
2019-11-12,Hacksaw Ridge,2016,https://letterboxd.com/claycarson/film/hacksaw-ridge/,2.5,,,2017-02-28
2019-11-12,Mike and Dave Need Wedding Dates,2016,https://letterboxd.com/claycarson/film/mike-and-dave-need-wedding-dates/,4,,,2017-02-28
2019-11-12,Get Out,2017,https://letterboxd.com/claycarson/film/get-out-2017/,5,,,2017-03-01
2019-11-12,The Kid,2000,https://letterboxd.com/claycarson/film/the-kid-2000/,2.5,,,2017-03-04
2019-11-12,A Kid in King Arthur's Court,1995,https://letterboxd.com/claycarson/film/a-kid-in-king-arthurs-court/,2.5,,,2017-03-04
2019-11-12,Man of the House,1995,https://letterboxd.com/claycarson/film/man-of-the-house/,2.5,,,2017-03-04
2019-11-12,Operation Dumbo Drop,1995,https://letterboxd.com/claycarson/film/operation-dumbo-drop/,2.5,,,2017-03-04
2019-11-12,Harriet the Spy,1996,https://letterboxd.com/claycarson/film/harriet-the-spy/,2.5,,,2017-03-04
2019-11-12,Doctor Strange,2016,https://letterboxd.com/claycarson/film/doctor-strange-2016/,2.5,,,2017-03-10
2019-11-12,10 Cloverfield Lane,2016,https://letterboxd.com/claycarson/film/10-cloverfield-lane/,3,,,2017-03-18
2019-11-12,Why Him?,2016,https://letterboxd.com/claycarson/film/why-him/,3,,,2017-03-31
2019-11-12,Suicide Squad,2016,https://letterboxd.com/claycarson/film/suicide-squad-2016/,1,,,2017-04-20
2019-11-12,Neighbors 2: Sorority Rising,2016,https://letterboxd.com/claycarson/film/neighbors-2-sorority-rising/,2.5,,,2017-04-20
2019-11-12,London Has Fallen,2016,https://letterboxd.com/claycarson/film/london-has-fallen/,2.5,,,2017-05-05
2019-11-12,Magnus,2016,https://letterboxd.com/claycarson/film/magnus-2016/,2.5,,,2017-06-02
2019-11-12,Search Party,2014,https://letterboxd.com/claycarson/film/search-party/,2.5,,,2017-06-05
2019-11-12,War on Everyone,2016,https://letterboxd.com/claycarson/film/war-on-everyone/,2.5,,,2017-06-05
2019-11-12,Baby Driver,2017,https://letterboxd.com/claycarson/film/baby-driver/,4.5,,,2017-07-23
2019-11-12,Keeping Up with the Joneses,2016,https://letterboxd.com/claycarson/film/keeping-up-with-the-joneses/,2.5,,,2017-08-02
2019-11-12,Dunkirk,2017,https://letterboxd.com/claycarson/film/dunkirk-2017/,4,,,2017-08-18
2019-11-12,Guardians of the Galaxy Vol. 2,2017,https://letterboxd.com/claycarson/film/guardians-of-the-galaxy-vol-2/,3.5,,,2017-08-24
2019-11-12,Nerve,2016,https://letterboxd.com/claycarson/film/nerve-2016/,3,,,2017-08-28
2019-11-12,Money Monster,2016,https://letterboxd.com/claycarson/film/money-monster/,3,,,2017-09-21
2019-11-12,The Big Sick,2017,https://letterboxd.com/claycarson/film/the-big-sick/,3,,,2017-10-01
2019-11-12,Circle,2015,https://letterboxd.com/claycarson/film/circle-2015/,2,,,2017-10-03
2019-11-12,Cocaine Cowboys,2006,https://letterboxd.com/claycarson/film/cocaine-cowboys/,2.5,,,2017-10-12
2019-11-12,The Cabin in the Woods,2011,https://letterboxd.com/claycarson/film/the-cabin-in-the-woods/,3,,,2017-10-15
2019-11-12,The Babysitter,2017,https://letterboxd.com/claycarson/film/the-babysitter-2017/,2,,,2017-10-26
2019-11-12,Get Me Roger Stone,2017,https://letterboxd.com/claycarson/film/get-me-roger-stone/,2.5,,,2017-10-31
2019-11-12,American Anarchist,2016,https://letterboxd.com/claycarson/film/american-anarchist/,2.5,,,2017-11-01
2019-11-12,Fittest on Earth: A Decade of Fitness,2017,https://letterboxd.com/claycarson/film/fittest-on-earth-a-decade-of-fitness/,3,,,2017-11-01
2019-11-12,What We Do in the Shadows,2014,https://letterboxd.com/claycarson/film/what-we-do-in-the-shadows/,3.5,,,2017-11-03
2019-11-12,Girls Trip,2017,https://letterboxd.com/claycarson/film/girls-trip/,3.5,,,2017-11-05
2019-11-12,Nocturnal Animals,2016,https://letterboxd.com/claycarson/film/nocturnal-animals/,3.5,,,2017-11-13
2019-11-12,Wind River,2017,https://letterboxd.com/claycarson/film/wind-river-2017/,3.5,,,2017-11-15
2019-11-12,Spider-Man: Homecoming,2017,https://letterboxd.com/claycarson/film/spider-man-homecoming/,3.5,,,2017-11-22
2019-11-12,The Godfather: Part II,1974,https://letterboxd.com/claycarson/film/the-godfather-part-ii/,2,,,2017-11-23
2019-11-12,Curly Sue,1991,https://letterboxd.com/claycarson/film/curly-sue/,2.5,,,2017-11-25
2019-11-12,Kong: Skull Island,2017,https://letterboxd.com/claycarson/film/kong-skull-island/,3,,,2017-11-28
2019-11-12,Moana,2016,https://letterboxd.com/claycarson/film/moana-2016/,4,,,2017-12-04
2019-11-12,The Magnificent Seven,2016,https://letterboxd.com/claycarson/film/the-magnificent-seven-2016/,2,,,2017-12-05
2019-11-12,Everything or Nothing,2012,https://letterboxd.com/claycarson/film/everything-or-nothing-2012/,2,,,2017-12-05
2019-11-12,The Shape of Water,2017,https://letterboxd.com/claycarson/film/the-shape-of-water/,1,,,2017-12-26
2019-11-12,mother!,2017,https://letterboxd.com/claycarson/film/mother-2017/,3.5,,,2017-12-28
2019-11-12,Ingrid Goes West,2017,https://letterboxd.com/claycarson/film/ingrid-goes-west/,2.5,,,2017-12-30
2019-11-12,The Room,2003,https://letterboxd.com/claycarson/film/the-room/,2.5,,,2018-01-04
2019-11-12,The Killing of a Sacred Deer,2017,https://letterboxd.com/claycarson/film/the-killing-of-a-sacred-deer/,3.5,,,2018-01-21
2019-11-12,Blade Runner 2049,2017,https://letterboxd.com/claycarson/film/blade-runner-2049/,1.5,,,2018-01-24
2019-11-12,Ghostbusters,2016,https://letterboxd.com/claycarson/film/ghostbusters-2016/,2,,,2018-02-23
2019-11-12,"Three Billboards Outside Ebbing, Missouri",2017,https://letterboxd.com/claycarson/film/three-billboards-outside-ebbing-missouri/,3.5,,,2018-02-25
2019-11-12,Darkest Hour,2017,https://letterboxd.com/claycarson/film/darkest-hour/,2.5,,,2018-02-28
2019-11-12,Call Me by Your Name,2017,https://letterboxd.com/claycarson/film/call-me-by-your-name/,3.5,,,2018-03-05
2019-11-12,Thor: Ragnarok,2017,https://letterboxd.com/claycarson/film/thor-ragnarok/,2.5,,,2018-03-10
2019-11-12,Oblivion,2013,https://letterboxd.com/claycarson/film/oblivion-2013/,2.5,,,2018-03-10
2019-11-12,When We First Met,2018,https://letterboxd.com/claycarson/film/when-we-first-met/,2,,,2018-03-18
2019-11-12,Black Panther,2018,https://letterboxd.com/claycarson/film/black-panther-2018/,4.5,,,2018-03-29
2019-11-12,Molly's Game,2017,https://letterboxd.com/claycarson/film/mollys-game/,4,,,2018-04-08
2019-11-12,The Greatest Showman,2017,https://letterboxd.com/claycarson/film/the-greatest-showman/,3,,,2018-04-19
2019-11-12,The Perfect Score,2004,https://letterboxd.com/claycarson/film/the-perfect-score/,1,,,2018-04-25
2019-11-12,Avengers: Infinity War,2018,https://letterboxd.com/claycarson/film/avengers-infinity-war/,4,,,2018-05-03
2019-11-12,American Assassin,2017,https://letterboxd.com/claycarson/film/american-assassin/,2.5,,,2018-05-09
2019-11-12,The Disaster Artist,2017,https://letterboxd.com/claycarson/film/the-disaster-artist/,3,,,2018-05-16
2019-11-12,Fahrenheit 451,2018,https://letterboxd.com/claycarson/film/fahrenheit-451-2018/,2.5,,,2018-05-20
2019-11-12,The Hitman's Bodyguard,2017,https://letterboxd.com/claycarson/film/the-hitmans-bodyguard/,2.5,,,2018-05-23
2019-11-12,Baywatch,2017,https://letterboxd.com/claycarson/film/baywatch/,2.5,,,2018-05-23
2019-11-12,Rough Night,2017,https://letterboxd.com/claycarson/film/rough-night/,2.5,,,2018-06-17
2019-11-12,Ready Player One,2018,https://letterboxd.com/claycarson/film/ready-player-one/,3,,,2018-07-20
2019-11-12,Red Sparrow,2018,https://letterboxd.com/claycarson/film/red-sparrow/,2.5,,,2018-07-22
2019-11-12,To All the Boys I've Loved Before,2018,https://letterboxd.com/claycarson/film/to-all-the-boys-ive-loved-before/,3,,,2018-08-22
2019-11-12,Mississippi Grind,2015,https://letterboxd.com/claycarson/film/mississippi-grind/,2.5,,,2018-08-25
2019-11-12,Deadpool 2,2018,https://letterboxd.com/claycarson/film/deadpool-2/,3.5,,,2018-09-10
2019-11-12,Upgrade,2018,https://letterboxd.com/claycarson/film/upgrade/,2.5,,,2018-09-10
2019-11-12,Super Troopers 2,2018,https://letterboxd.com/claycarson/film/super-troopers-2/,1,,,2018-09-10
2019-11-12,American Animals,2018,https://letterboxd.com/claycarson/film/american-animals/,2.5,,,2018-09-26
2019-11-12,Eighth Grade,2018,https://letterboxd.com/claycarson/film/eighth-grade/,4,,,2018-11-10
2019-11-12,Sorry to Bother You,2018,https://letterboxd.com/claycarson/film/sorry-to-bother-you/,3.5,,,2018-11-10
2019-11-12,The Spy Who Dumped Me,2018,https://letterboxd.com/claycarson/film/the-spy-who-dumped-me/,1,,,2018-11-15
2019-11-12,12 Angry Men,1957,https://letterboxd.com/claycarson/film/12-angry-men/,4,,,2018-11-28
2019-11-12,The Machinist,2004,https://letterboxd.com/claycarson/film/the-machinist/,3.5,,,2018-11-29
2019-11-12,All the President's Men,1976,https://letterboxd.com/claycarson/film/all-the-presidents-men/,4.5,,,2018-12-05
2019-11-12,Bohemian Rhapsody,2018,https://letterboxd.com/claycarson/film/bohemian-rhapsody/,3,,,2018-12-05
2019-11-12,Heat,1995,https://letterboxd.com/claycarson/film/heat-1995/,3,,,2018-12-06
2019-11-12,Mission: Impossible - Fallout,2018,https://letterboxd.com/claycarson/film/mission-impossible-fallout/,2.5,,,2018-12-12
2019-11-12,Roma,2018,https://letterboxd.com/claycarson/film/roma-2018/,3.5,,,2018-12-17
2019-11-12,"Game Over, Man!",2018,https://letterboxd.com/claycarson/film/game-over-man/,3,,,2018-12-17
2019-11-12,Spider-Man: Into the Spider-Verse,2018,https://letterboxd.com/claycarson/film/spider-man-into-the-spider-verse/,5,,,2018-12-21
2019-11-12,Office Christmas Party,2016,https://letterboxd.com/claycarson/film/office-christmas-party/,3,,,2018-12-23
2019-11-12,Furious 7,2015,https://letterboxd.com/claycarson/film/furious-7/,3,,,2018-12-24
2019-11-12,A Simple Favor,2018,https://letterboxd.com/claycarson/film/a-simple-favor/,3.5,,,2018-12-27
2019-11-12,Vice,2018,https://letterboxd.com/claycarson/film/vice-2018/,3,,,2018-12-27
2019-11-12,Annihilation,2018,https://letterboxd.com/claycarson/film/annihilation/,2.5,,,2019-01-01
2019-11-12,The Ballad of Buster Scruggs,2018,https://letterboxd.com/claycarson/film/the-ballad-of-buster-scruggs/,4,,,2019-01-03
2019-11-12,Bad Times at the El Royale,2018,https://letterboxd.com/claycarson/film/bad-times-at-the-el-royale/,4,,,2019-01-12
2019-11-12,Free Solo,2018,https://letterboxd.com/claycarson/film/free-solo/,4,,,2019-01-22
2019-11-12,First Man,2018,https://letterboxd.com/claycarson/film/first-man/,3,,,2019-01-27
2019-11-12,Colossal,2016,https://letterboxd.com/claycarson/film/colossal-2016/,3,,,2019-03-04
2019-11-12,Captain Marvel,2019,https://letterboxd.com/claycarson/film/captain-marvel/,3.5,,,2019-03-27
2019-11-12,Triple Frontier,2019,https://letterboxd.com/claycarson/film/triple-frontier/,1.5,,,2019-03-27
2019-11-12,The Dawn Wall,2017,https://letterboxd.com/claycarson/film/the-dawn-wall/,3.5,,,2019-04-03
2019-11-12,Avengers: Endgame,2019,https://letterboxd.com/claycarson/film/avengers-endgame/,4,,,2019-05-14
2019-11-12,Perfect Bid: The Contestant Who Knew Too Much,2017,https://letterboxd.com/claycarson/film/perfect-bid-the-contestant-who-knew-too-much/,2,,,2019-05-14
2019-11-12,Booksmart,2019,https://letterboxd.com/claycarson/film/booksmart/,4.5,,,2019-05-26
2019-11-12,Apollo 11,2019,https://letterboxd.com/claycarson/film/apollo-11-2019/,3,,,2019-07-17
2019-11-12,Long Shot,2019,https://letterboxd.com/claycarson/film/long-shot-2019/,2,,,2019-08-03
2019-11-12,Driven,2019,https://letterboxd.com/claycarson/film/driven-2019/,2,,,2019-08-22
2019-11-12,Pokémon Detective Pikachu,2019,https://letterboxd.com/claycarson/film/pokemon-detective-pikachu/,3,,,2019-08-23
2019-11-12,The Hustle,2019,https://letterboxd.com/claycarson/film/the-hustle-2019/,2,,,2019-08-25
2019-11-12,Platoon,1986,https://letterboxd.com/claycarson/film/platoon/,2.5,,,2019-09-03
2019-11-12,Taxi Driver,1976,https://letterboxd.com/claycarson/film/taxi-driver/,3.5,,,2019-09-03
2019-11-12,The Rainmaker,1997,https://letterboxd.com/claycarson/film/the-rainmaker-1997/,4,,,2019-09-16
2019-11-12,Deliverance,1972,https://letterboxd.com/claycarson/film/deliverance/,3.5,,,2019-09-16
2019-11-12,Late Night,2019,https://letterboxd.com/claycarson/film/late-night/,2,,,2019-09-18
2019-11-12,Jiro Dreams of Sushi,2011,https://letterboxd.com/claycarson/film/jiro-dreams-of-sushi/,4,,,2019-09-25
2019-11-12,Yesterday,2019,https://letterboxd.com/claycarson/film/yesterday-2019/,2.5,,,2019-09-28
2019-11-12,Glengarry Glen Ross,1992,https://letterboxd.com/claycarson/film/glengarry-glen-ross/,3.5,,,2019-10-01
2019-11-12,Spider-Man: Far from Home,2019,https://letterboxd.com/claycarson/film/spider-man-far-from-home/,3.5,,,2019-10-03
2019-11-12,Between Two Ferns: The Movie,2019,https://letterboxd.com/claycarson/film/between-two-ferns-the-movie/,3,,,2019-10-03
2019-11-12,Carrie,1976,https://letterboxd.com/claycarson/film/carrie-1976/,2.5,,,2019-10-09
2019-11-12,Schindler's List,1993,https://letterboxd.com/claycarson/film/schindlers-list/,3.5,,,2019-10-09
2019-11-12,Face/Off,1997,https://letterboxd.com/claycarson/film/face-off/,2,,,2019-10-10
2019-11-12,Alien,1979,https://letterboxd.com/claycarson/film/alien/,3,,,2019-10-11
2019-11-12,El Camino: A Breaking Bad Movie,2019,https://letterboxd.com/claycarson/film/el-camino-a-breaking-bad-movie/,3,,,2019-10-15
2019-11-12,Signs,2002,https://letterboxd.com/claycarson/film/signs/,2.5,,,2019-10-15
2019-11-12,Patriot Games,1992,https://letterboxd.com/claycarson/film/patriot-games/,2.5,,,2019-10-24
2019-11-12,Dead Poets Society,1989,https://letterboxd.com/claycarson/film/dead-poets-society/,4.5,,,2019-10-24
2019-11-12,Us,2019,https://letterboxd.com/claycarson/film/us-2019/,3.5,,,2019-10-27
2019-11-12,Wall Street,1987,https://letterboxd.com/claycarson/film/wall-street/,3,,,2019-10-29
2019-11-12,Psycho,1960,https://letterboxd.com/claycarson/film/psycho/,3,,,2019-10-31
2019-11-10,Joker,2019,https://letterboxd.com/claycarson/film/joker-2019/,2,,,2019-11-09
2019-11-12,American Beauty,1999,https://letterboxd.com/claycarson/film/american-beauty/,2.5,,,2019-11-11
2019-11-19,Good Boys,2019,https://letterboxd.com/claycarson/film/good-boys-2019/,3.5,,,2019-11-18
